Country Name,Country Code,Indicator Name,Indicator Code,1960,1961,1962,1963,1964,1965,1966,1967,1968,1969,1970,1971,1972,1973,1974,1975,1976,1977,1978,1979,1980,1981,1982,1983,1984,1985,1986,1987,1988,1989,1990,1991,1992,1993,1994,1995,1996,1997,1998,1999,2000,2001,2002,2003,2004,2005,2006,2007,2008,2009,2010,2011,2012,2013,2014,2015,2016,2017,2018,2019
Aruba,ABW,GDP growth (annual %),NY.GDP.MKTP.KD.ZG,,,,,,,,,,,,,,,,,,,,,,,,,,,,16.1,18.6,12.1,4.0,8.0,5.9,7.3,8.2,2.5,1.2,7.0,2.0,1.2,7.6,-3.0,-3.3,2.0,7.9,1.2,1.1,1.8,-0.1,-10.5,-3.7,3.4,-1.4,4.2,0.3,5.7,2.1,2.0,,
Afghanistan,AFG,GDP growth (annual %),NY.GDP.MKTP.KD.ZG,,,,,,,,,,,,,,,,,,,,,,,,,,,,,,,,,,,,,,,,,,,,8.8,1.4,11.2,5.4,13.8,3.9,21.4,14.4,0.4,12.8,5.6,2.7,1.5,2.3,2.6,1.2,3.9
Angola,AGO,GDP growth (annual %),NY.GDP.MKTP.KD.ZG,,,,,,,,,,,,,,,,,,,,,,-4.4,0.0,4.2,6.0,3.5,2.9,4.1,6.1,0.0,-3.5,1.0,-5.8,-24.0,1.3,15.0,13.5,7.3,4.7,2.2,3.1,4.2,13.7,3.0,11.0,15.0,11.5,14.0,11.2,0.9,4.4,3.5,8.5,5.0,4.8,0.9,-2.6,-0.1,-2.0,-0.6
Albania,ALB,GDP growth (annual %),NY.GDP.MKTP.KD.ZG,,,,,,,,,,,,,,,,,,,,,,5.7,2.9,1.1,-1.3,1.8,5.6,-0.8,-1.4,9.8,-9.6,-28.0,-7.2,9.6,8.3,13.3,9.1,-10.9,8.8,12.9,7.0,8.3,4.5,5.5,5.5,5.5,5.9,6.0,7.5,3.4,3.7,2.5,1.4,1.0,1.8,2.2,3.3,3.8,4.1,2.2
Andorra,AND,GDP growth (annual %),NY.GDP.MKTP.KD.ZG,,,,,,,,,,,,4.6,8.1,7.8,5.6,0.5,3.3,2.8,1.5,0.0,2.2,-0.1,1.2,1.8,1.8,2.3,3.3,5.5,5.1,4.8,3.8,2.5,0.9,-1.0,2.4,2.8,4.6,9.1,3.2,4.1,3.5,8.1,4.5,8.7,8.1,5.4,4.8,1.6,-5.6,-5.3,-2.0,0.0,-5.0,-3.5,2.5,1.4,3.7,0.3,1.6,1.8
Arab World,ARB,GDP growth (annual %),NY.GDP.MKTP.KD.ZG,,,,,,,,,,,,,,,,,15.7,8.2,-0.7,11.7,9.1,3.0,-9.1,-6.9,1.3,-2.4,4.7,-0.5,5.7,2.4,13.1,1.5,4.9,3.3,3.2,2.7,4.6,4.2,5.3,1.8,5.5,1.6,0.6,5.3,9.4,5.7,6.5,4.5,5.8,0.4,4.7,3.7,6.7,3.3,2.5,3.2,3.5,0.8,2.1,1.5
United Arab Emirates,ARE,GDP growth (annual %),NY.GDP.MKTP.KD.ZG,,,,,,,,,,,,,,,,,16.5,21.4,-1.6,20.9,23.9,4.7,-6.7,-4.7,4.0,-3.6,-15.0,3.4,-2.6,12.3,18.3,0.9,3.3,1.3,6.9,6.7,5.8,8.2,0.3,2.9,10.9,1.4,2.4,8.8,9.6,4.9,9.8,3.2,3.2,-5.2,1.6,6.9,4.5,5.1,4.3,5.1,3.1,2.4,1.2,1.7
Argentina,ARG,GDP growth (annual %),NY.GDP.MKTP.KD.ZG,,5.4,-0.9,-5.3,10.1,10.6,-0.7,3.2,4.8,9.7,3.0,5.7,1.6,2.8,5.5,0.0,-2.0,6.9,-4.5,10.2,1.5,-5.2,-0.7,4.3,1.6,-5.2,6.2,2.7,-1.1,-7.2,-2.5,9.1,7.9,8.2,5.8,-2.8,5.5,8.1,3.9,-3.4,-0.8,-4.4,-10.9,8.8,9.0,8.9,8.0,9.0,4.1,-5.9,10.1,6.0,-1.0,2.4,-2.5,2.7,-2.1,2.8,-2.6,-2.1
Armenia,ARM,GDP growth (annual %),NY.GDP.MKTP.KD.ZG,,,,,,,,,,,,,,,,,,,,,,,,,,,,,,,,-11.7,-41.8,-8.8,5.4,6.9,5.9,3.3,7.3,3.3,5.9,9.6,13.2,14.0,10.5,13.9,13.2,13.7,6.9,-14.1,2.2,4.7,7.2,3.3,3.6,3.2,0.2,7.5,5.2,7.6
American Samoa,ASM,GDP growth (annual %),NY.GDP.MKTP.KD.ZG,,,,,,,,,,,,,,,,,,,,,,,,,,,,,,,,,,,,,,,,,,,,0.8,0.5,-0.4,-4.2,2.0,-2.6,-4.2,0.4,0.3,-4.4,-2.8,0.9,1.4,-2.8,-5.9,2.2,
Antigua and Barbuda,ATG,GDP growth (annual %),NY.GDP.MKTP.KD.ZG,,,,,,,,,,,,,,,,,,,4.4,8.1,8.2,3.8,-0.1,5.4,10.2,7.6,11.5,6.6,5.2,5.3,3.0,2.2,1.2,5.3,6.7,-4.4,6.6,5.5,4.7,3.7,6.2,-4.5,1.0,6.1,5.8,6.5,12.7,9.3,0.0,-12.0,-7.8,-2.0,3.4,-0.6,3.8,3.8,5.5,3.1,7.4,4.7
Australia,AUS,GDP growth (annual %),NY.GDP.MKTP.KD.ZG,,2.5,1.3,6.2,7.0,6.0,2.4,6.3,5.1,7.0,7.2,4.0,3.9,2.6,4.1,1.3,2.6,3.6,0.9,4.0,3.0,3.3,3.3,-2.2,4.6,5.2,4.0,2.6,5.7,3.9,3.6,-0.4,0.4,4.0,4.0,3.8,3.9,4.0,4.6,5.1,3.9,1.9,4.0,3.0,4.1,3.2,2.8,3.8,3.7,1.9,2.1,2.5,3.9,2.6,2.5,2.2,2.8,2.3,2.9,2.2
Austria,AUT,GDP growth (annual %),NY.GDP.MKTP.KD.ZG,,5.5,2.6,4.1,6.1,3.5,5.6,3.0,4.5,6.3,6.3,5.1,6.2,4.9,3.9,-0.4,4.6,5.1,-0.2,5.4,1.7,-0.1,2.0,3.0,0.1,2.5,2.3,1.4,3.3,3.9,4.3,3.4,2.1,0.5,2.4,2.7,2.3,2.1,3.6,3.6,3.4,1.3,1.7,0.9,2.7,2.2,3.5,3.7,1.5,-3.8,1.8,2.9,0.7,0.0,0.7,1.0,2.0,2.4,2.6,1.4
Azerbaijan,AZE,GDP growth (annual %),NY.GDP.MKTP.KD.ZG,,,,,,,,,,,,,,,,,,,,,,,,,,,,,,,,-0.7,-22.6,-23.1,-19.7,-11.8,1.3,5.8,10.0,7.4,11.1,9.9,9.4,10.2,9.3,28.0,34.5,25.5,10.6,9.4,4.8,-1.6,2.2,5.8,2.8,1.0,-3.1,0.2,1.5,2.2
Burundi,BDI,GDP growth (annual %),NY.GDP.MKTP.KD.ZG,,-13.7,9.1,4.1,6.3,4.0,4.6,13.8,-0.3,-1.5,21.3,2.7,-6.4,6.9,-0.7,0.7,7.9,11.5,-0.9,1.7,1.0,12.2,-1.1,3.7,0.2,11.8,3.3,5.5,5.0,1.3,3.5,5.0,1.0,-6.2,-3.8,-7.9,-8.0,-1.6,4.7,-1.0,-0.9,2.1,4.4,-1.2,4.8,0.9,5.4,3.5,4.9,3.8,5.1,4.0,4.4,4.9,4.2,-3.9,-0.6,0.5,1.6,1.8
Belgium,BEL,GDP growth (annual %),NY.GDP.MKTP.KD.ZG,,5.0,5.2,4.4,7.0,3.6,3.2,3.9,4.2,6.6,5.6,4.0,5.3,6.4,4.6,-2.0,5.7,0.6,2.8,2.3,4.4,-0.3,0.6,0.3,2.5,1.7,1.8,2.3,4.7,3.5,3.1,1.8,1.5,-1.0,3.2,2.4,1.3,3.8,2.0,3.5,3.7,1.1,1.7,1.0,3.6,2.3,2.6,3.7,0.4,-2.0,2.9,1.7,0.7,0.5,1.6,2.0,1.3,1.6,1.8,1.7
Benin,BEN,GDP growth (annual %),NY.GDP.MKTP.KD.ZG,,3.1,-3.4,4.7,6.7,5.3,3.6,1.1,3.8,2.9,2.1,-1.5,6.4,3.7,3.3,-4.9,0.9,5.0,1.3,6.5,6.8,10.0,2.2,-4.3,7.9,7.5,2.2,-1.5,3.4,-2.9,9.0,4.2,3.0,5.8,2.0,6.0,4.3,5.7,4.0,5.3,5.9,5.3,4.6,3.4,4.4,1.7,3.9,6.0,4.9,2.3,2.1,3.0,4.8,7.2,6.4,1.8,3.3,5.7,6.7,6.9
Burkina Faso,BFA,GDP growth (annual %),NY.GDP.MKTP.KD.ZG,,4.0,6.1,-1.3,2.3,3.8,0.5,8.8,3.1,2.0,0.1,1.4,2.3,0.4,8.3,3.0,8.5,0.4,4.6,3.7,0.8,4.3,9.6,0.3,-1.8,8.5,8.0,-0.2,5.8,2.2,-0.6,9.1,0.2,3.5,1.3,5.7,11.0,6.3,7.3,7.4,1.9,6.6,4.4,7.8,4.5,8.7,6.3,4.1,5.8,3.0,8.4,6.6,6.5,5.8,4.3,3.9,6.0,6.2,6.7,5.7
Bangladesh,BGD,GDP growth (annual %),NY.GDP.MKTP.KD.ZG,,6.1,5.5,-0.5,11.0,1.6,2.6,-1.9,9.5,1.2,5.6,-5.5,-14.0,3.3,9.6,-4.1,5.7,2.7,7.1,4.8,0.8,7.2,2.1,3.9,4.8,3.3,4.2,3.8,2.4,2.8,5.6,3.5,5.4,4.7,3.9,5.1,4.5,4.5,5.2,4.7,5.3,5.1,3.8,4.7,5.2,6.5,6.7,7.1,6.0,5.0,5.6,6.5,6.5,6.0,6.1,6.6,7.1,7.3,7.9,8.2
Bulgaria,BGR,GDP growth (annual %),NY.GDP.MKTP.KD.ZG,,,,,,,,,,,,,,,,,,,,,,4.9,2.3,3.4,3.4,2.7,4.2,6.1,10.9,-3.3,-9.1,-8.4,-7.3,-1.5,1.8,2.9,5.1,-14.2,4.3,-8.3,4.8,3.8,6.0,5.2,6.4,7.2,6.8,6.6,6.1,-3.4,0.6,2.4,0.4,0.3,1.9,4.0,3.8,3.5,3.1,3.7
Bahrain,BHR,GDP growth (annual %),NY.GDP.MKTP.KD.ZG,,,,,,,,,,,,,,,,,,,,,,-5.3,-7.6,6.4,5.0,-4.8,1.2,10.4,7.0,0.4,4.4,11.2,6.7,12.9,-0.3,3.9,4.1,3.1,4.8,4.3,5.3,2.5,3.3,6.3,7.0,6.8,6.5,8.3,6.2,2.5,4.3,2.0,3.7,5.4,4.4,2.5,3.6,4.3,1.8,1.8
"Bahamas, The",BHS,GDP growth (annual %),NY.GDP.MKTP.KD.ZG,,10.7,10.5,10.5,10.5,10.4,9.1,9.6,8.4,9.0,-5.6,1.6,-3.5,7.6,-16.8,-14.8,5.2,9.2,14.2,26.1,6.5,-9.2,6.7,3.6,14.2,4.8,1.8,3.0,2.3,6.7,-1.6,-4.2,-3.8,0.3,3.1,4.4,4.2,2.1,4.7,7.1,4.1,2.6,2.7,-1.3,0.9,3.4,2.5,1.4,-2.3,-4.2,1.5,0.6,3.1,-2.7,1.1,0.2,1.4,3.1,3.0,1.2
Bosnia and Herzegovina,BIH,GDP growth (annual %),NY.GDP.MKTP.KD.ZG,,,,,,,,,,,,,,,,,,,,,,,,,,,,,,,,,,,,20.8,89.0,34.4,15.6,9.6,5.5,4.4,5.3,4.0,6.1,8.8,5.4,5.9,5.4,-3.0,0.9,1.0,-0.8,2.3,1.2,3.1,3.1,3.2,3.7,2.7
Belarus,BLR,GDP growth (annual %),NY.GDP.MKTP.KD.ZG,,,,,,,,,,,,,,,,,,,,,,,,,,,,,,,,-1.2,-9.6,-7.6,-11.7,-10.4,2.8,11.4,8.4,3.4,5.8,4.7,5.0,7.0,11.4,9.4,10.0,8.6,10.2,0.2,7.8,5.4,1.7,1.0,1.7,-3.8,-2.5,2.5,3.1,1.2
Belize,BLZ,GDP growth (annual %),NY.GDP.MKTP.KD.ZG,,4.9,4.9,5.0,5.0,4.9,4.8,4.9,7.4,5.1,4.8,4.0,10.2,5.4,13.6,3.6,0.0,6.5,7.9,7.5,13.4,1.1,-0.1,-2.1,2.0,1.0,4.5,10.7,9.8,13.0,11.4,11.5,12.1,6.3,0.1,0.7,1.4,3.6,3.7,8.8,13.0,4.7,4.7,9.3,4.8,2.0,4.8,0.5,3.5,0.2,3.0,1.9,2.4,1.3,3.6,2.8,0.1,1.9,2.1,0.3
Bermuda,BMU,GDP growth (annual %),NY.GDP.MKTP.KD.ZG,,4.7,4.5,1.1,11.1,4.8,14.4,13.3,2.1,3.4,6.3,3.4,1.8,1.5,0.9,3.8,8.9,5.9,1.5,2.1,7.9,2.4,-5.3,2.0,0.5,-2.0,6.7,3.8,4.1,0.4,0.0,-3.5,-0.1,3.0,0.6,4.4,2.6,4.6,3.9,3.4,9.3,7.2,-1.5,3.4,2.3,1.7,5.5,3.3,-1.9,-5.6,-2.5,-3.7,-5.3,-0.3,-3.7,0.8,-0.7,3.6,-0.4,0.5
Bolivia,BOL,GDP growth (annual %),NY.GDP.MKTP.KD.ZG,,2.1,5.6,6.8,4.0,4.9,7.2,6.3,8.5,4.5,5.2,5.1,8.0,5.7,2.9,7.3,4.6,5.0,2.1,0.1,-1.4,0.3,-3.9,-4.0,-0.2,-1.7,-2.6,2.5,2.9,3.8,4.6,5.3,1.6,4.3,4.7,4.7,4.4,5.0,5.0,0.4,2.5,1.7,2.5,2.7,4.2,4.4,4.8,4.6,6.1,3.4,4.1,5.2,5.1,6.8,5.5,4.9,4.3,4.2,4.2,2.2
Brazil,BRA,GDP growth (annual %),NY.GDP.MKTP.KD.ZG,,10.3,5.2,0.9,3.5,3.1,4.2,4.9,11.4,9.7,8.8,11.3,12.1,14.0,9.0,5.2,9.8,4.6,3.2,6.8,9.1,-4.4,0.6,-3.4,5.3,7.9,8.0,3.6,-0.1,3.3,-3.1,1.5,-0.5,4.7,5.3,4.4,2.2,3.4,0.3,0.5,4.4,1.4,3.1,1.1,5.8,3.2,4.0,6.1,5.1,-0.1,7.5,4.0,1.9,3.0,0.5,-3.5,-3.3,1.3,1.3,1.1
Barbados,BRB,GDP growth (annual %),NY.GDP.MKTP.KD.ZG,,,,,,,,,,,,,,,,-1.9,4.4,3.6,4.9,7.9,4.4,-1.9,-4.9,0.5,3.6,1.1,5.1,2.6,3.5,3.6,-3.3,-3.9,-5.7,0.8,2.0,2.0,4.0,4.7,3.7,0.3,4.4,-2.4,0.8,2.2,1.4,4.0,5.9,2.2,0.7,-5.1,-2.3,-0.7,-0.5,-1.4,-0.1,2.4,2.5,0.5,-0.6,-0.1
Brunei Darussalam,BRN,GDP growth (annual %),NY.GDP.MKTP.KD.ZG,,,,,,,,,,,,,,,,0.4,20.2,10.9,6.8,22.6,-7.0,-19.8,4.0,0.5,0.6,-1.5,-2.7,2.0,1.1,-1.1,1.1,3.1,4.8,0.3,3.1,4.5,2.9,-1.5,-0.6,3.1,2.8,2.7,3.9,2.9,0.5,0.4,4.4,0.2,-1.9,-1.8,2.6,3.7,0.9,-2.1,-2.5,-0.4,-2.5,1.3,0.1,3.9
Bhutan,BTN,GDP growth (annual %),NY.GDP.MKTP.KD.ZG,,,,,,,,,,,,,,,,,,,,,,13.9,3.4,11.3,4.5,4.2,11.7,28.7,5.0,7.4,10.9,-0.4,4.6,2.0,5.0,7.1,5.6,5.4,5.9,8.0,6.9,8.3,11.0,7.8,6.0,7.3,7.0,18.4,4.8,6.7,11.9,8.0,5.1,2.1,5.8,6.6,8.1,4.7,3.1,5.5
Botswana,BWA,GDP growth (annual %),NY.GDP.MKTP.KD.ZG,,6.3,6.7,5.9,6.8,5.8,6.3,5.9,10.6,15.1,17.1,25.8,26.4,21.3,8.8,8.4,10.6,12.0,14.3,12.1,12.0,9.1,12.2,13.1,8.5,7.1,8.2,11.9,19.4,13.1,6.8,7.5,2.9,1.9,3.6,7.0,5.8,8.3,0.4,9.7,2.0,0.3,6.1,4.6,2.7,4.6,8.4,8.3,6.2,-7.7,8.6,6.0,4.5,11.3,4.1,-1.7,4.3,2.9,4.5,3.0
Central African Republic,CAF,GDP growth (annual %),NY.GDP.MKTP.KD.ZG,,5.0,-3.7,-0.7,2.1,0.9,0.6,4.7,1.4,7.1,2.3,1.1,0.0,1.9,6.3,0.4,5.4,3.8,1.2,-2.5,-4.5,-1.5,7.7,-8.1,9.5,3.9,3.6,-4.9,1.7,2.0,-2.1,-0.6,-6.4,0.3,4.9,7.2,-4.0,5.3,4.7,3.6,-2.5,4.5,3.6,-5.4,6.0,0.9,4.8,4.6,2.1,8.6,4.6,4.2,5.1,-36.4,0.1,4.3,4.8,4.5,3.8,3.0
Canada,CAN,GDP growth (annual %),NY.GDP.MKTP.KD.ZG,,3.2,7.4,5.3,6.6,6.3,6.7,3.1,5.0,5.0,12.0,4.0,5.5,6.8,3.3,1.5,5.9,3.4,3.7,3.7,2.2,3.5,-3.2,2.6,5.9,4.7,2.1,4.1,4.4,2.3,0.2,-2.1,0.9,2.7,4.5,2.7,1.6,-3.8,2.8,4.0,4.9,1.4,3.4,3.8,3.9,5.0,4.2,6.9,1.0,-2.9,3.1,3.1,1.8,2.3,2.9,0.7,1.0,3.2,2.0,1.7
Central Europe and the Baltics,CEB,GDP growth (annual %),NY.GDP.MKTP.KD.ZG,,,,,,,,,,,,,,,,,,,,,,,,,,,,,,,,-9.7,-2.0,1.6,4.1,5.6,4.5,2.4,2.7,2.0,4.0,3.0,3.5,4.1,5.8,5.0,6.6,6.4,3.9,-3.4,1.7,3.2,0.7,1.2,3.0,4.0,3.1,4.9,4.5,3.8
Switzerland,CHE,GDP growth (annual %),NY.GDP.MKTP.KD.ZG,,,,,,,,,,,,4.1,3.2,3.0,1.5,-7.3,-1.4,2.4,0.4,2.5,4.6,1.6,-1.3,0.6,3.0,3.7,1.9,1.6,3.3,4.3,3.7,-0.9,0.0,-0.1,1.3,0.5,0.5,2.3,3.0,1.7,3.9,1.3,0.2,0.0,2.8,3.1,4.0,4.1,2.2,-2.2,3.0,1.7,1.0,1.9,2.4,1.3,1.7,1.8,2.8,0.9
Channel Islands,CHI,GDP growth (annual %),NY.GDP.MKTP.KD.ZG,,,,,,,,,,,,,,,,,,,,,,,,,,,,,,,,,,,,,,,,3.8,5.8,-1.5,-1.6,-3.2,0.2,1.4,4.9,5.9,,,,,,,,,,,,
Chile,CHL,GDP growth (annual %),NY.GDP.MKTP.KD.ZG,,5.2,4.0,5.8,2.6,1.0,11.2,3.6,3.6,3.9,1.8,9.4,-1.0,-5.0,2.4,-12.9,3.8,10.4,7.7,8.4,8.0,6.5,-11.0,-5.0,4.1,4.0,5.4,6.5,7.3,9.9,3.3,7.8,11.2,6.6,5.0,8.9,6.8,7.4,4.3,-0.4,5.3,3.3,3.1,4.1,7.2,5.7,6.3,4.9,3.5,-1.6,5.8,6.1,5.3,4.0,1.8,2.3,1.7,1.2,3.9,1.1
China,CHN,GDP growth (annual %),NY.GDP.MKTP.KD.ZG,,-27.3,-5.6,10.3,18.2,17.0,10.7,-5.8,-4.1,16.9,19.3,7.1,3.8,7.8,2.3,8.7,-1.6,7.6,11.3,7.6,7.8,5.1,9.0,10.8,15.2,13.4,8.9,11.7,11.2,4.2,3.9,9.3,14.2,13.9,13.0,11.0,9.9,9.2,7.8,7.7,8.5,8.3,9.1,10.0,10.1,11.4,12.7,14.2,9.7,9.4,10.6,9.6,7.9,7.8,7.4,7.0,6.8,6.9,6.7,6.1
Cote d'Ivoire,CIV,GDP growth (annual %),NY.GDP.MKTP.KD.ZG,,9.9,1.2,14.5,17.6,-3.1,11.6,4.6,12.5,9.5,10.4,9.5,4.2,5.9,4.3,8.3,12.9,7.3,10.9,2.4,-11.0,3.5,0.2,-3.9,-2.7,4.5,3.3,-0.3,1.1,2.9,-1.1,0.0,-0.2,-0.2,0.8,7.1,7.7,3.7,4.9,1.6,-2.1,0.1,-1.7,-1.4,1.2,1.7,1.5,1.8,2.5,3.3,2.0,-4.4,10.7,8.9,8.8,8.8,7.2,7.4,6.9,6.2
Cameroon,CMR,GDP growth (annual %),NY.GDP.MKTP.KD.ZG,,1.2,3.0,3.7,3.5,2.0,4.6,-10.9,6.3,4.9,3.1,3.5,2.7,5.4,10.7,11.2,-5.5,13.7,22.0,6.0,-2.0,17.1,7.5,6.9,7.5,8.1,6.8,-2.1,-7.8,-1.8,-6.1,-3.8,-3.1,-7.9,2.1,3.5,4.4,5.2,4.5,4.3,3.6,4.4,4.2,4.6,6.8,2.0,3.5,4.9,3.5,2.2,3.4,4.1,4.5,5.4,5.9,5.7,4.6,3.5,4.1,3.7
"Congo, Dem. Rep.",COD,GDP growth (annual %),NY.GDP.MKTP.KD.ZG,,-10.9,21.2,5.2,-2.4,1.0,6.8,-1.0,4.3,9.3,-0.2,6.0,0.2,8.1,3.1,-5.0,-5.3,0.8,-5.3,0.4,2.2,2.4,-0.5,1.4,5.5,0.5,4.7,2.7,0.5,-1.3,-6.6,-8.4,-10.5,-13.5,-3.9,0.7,-1.0,-5.6,-1.6,-4.3,-6.9,-2.1,2.9,5.6,6.7,6.1,5.3,6.3,6.2,2.9,7.1,6.9,7.1,8.5,9.5,6.9,2.4,3.7,5.8,4.4
"Congo, Rep.",COG,GDP growth (annual %),NY.GDP.MKTP.KD.ZG,,8.4,5.2,-4.0,3.8,3.7,1.4,2.1,7.6,7.5,6.4,7.8,8.6,8.2,7.9,7.7,0.9,-9.0,6.4,9.8,17.6,17.6,23.6,5.9,7.0,-1.2,-6.9,0.2,1.8,2.6,1.0,2.4,2.6,-1.0,-5.5,4.0,4.3,-0.6,3.7,-2.6,7.6,3.8,4.6,0.8,3.5,7.8,8.0,-6.6,6.3,11.6,9.9,2.2,9.9,-0.7,6.0,-3.2,-10.2,-4.6,-6.2,-3.5
Colombia,COL,GDP growth (annual %),NY.GDP.MKTP.KD.ZG,,5.1,5.4,3.3,6.2,3.6,5.2,4.1,5.9,6.1,6.2,6.0,7.7,6.7,5.7,2.3,4.7,4.2,8.5,5.4,4.1,2.3,0.9,1.6,3.4,3.1,5.8,5.4,4.1,3.4,4.3,2.0,4.0,5.4,5.8,5.2,2.1,3.4,0.6,-4.2,2.9,1.7,2.5,3.9,5.3,4.8,6.7,6.7,3.3,1.1,4.5,6.9,3.9,5.1,4.5,3.0,2.1,1.4,2.5,3.3
Comoros,COM,GDP growth (annual %),NY.GDP.MKTP.KD.ZG,,,,,,,,,,,,,,,,,,,,,,3.9,6.4,4.8,4.1,2.3,1.9,1.6,2.7,-3.2,5.1,-5.4,8.5,3.0,-5.3,3.6,-1.3,4.0,1.3,1.9,10.8,2.3,2.3,2.1,1.9,2.8,2.6,0.8,4.0,3.2,3.8,4.1,3.2,4.5,2.1,1.1,3.3,3.8,3.4,2.0
Cabo Verde,CPV,GDP growth (annual %),NY.GDP.MKTP.KD.ZG,,,,,,,,,,,,,,,,,,,,,,8.5,2.8,9.5,3.8,8.6,2.9,4.3,6.0,5.7,0.7,1.4,10.9,8.7,19.2,14.2,11.3,11.1,12.5,11.2,14.3,2.2,5.3,4.2,10.2,6.9,8.0,15.2,6.7,-1.3,1.5,4.0,1.1,0.8,0.6,1.0,4.7,3.7,4.5,5.7
Costa Rica,CRI,GDP growth (annual %),NY.GDP.MKTP.KD.ZG,,1.9,5.4,6.9,3.7,8.2,7.0,5.7,8.5,5.5,7.5,6.8,8.2,7.7,5.5,2.1,5.5,8.9,6.3,4.9,0.8,-2.3,-7.3,2.9,8.0,0.7,5.5,4.8,3.4,5.7,3.6,2.3,9.2,7.1,4.5,4.1,1.2,5.6,7.0,3.9,3.8,3.5,3.3,4.3,4.3,3.9,7.2,8.2,4.6,-1.0,5.0,4.3,4.8,2.3,3.5,3.6,4.2,3.9,2.7,2.1
Caribbean small states,CSS,GDP growth (annual %),NY.GDP.MKTP.KD.ZG,,,,,,,,4.4,5.9,5.6,4.7,2.2,7.5,-0.7,-3.1,-1.1,1.1,3.7,5.6,5.0,2.4,1.0,1.0,-2.4,0.9,0.0,1.3,1.9,2.2,4.1,0.9,1.4,2.2,3.0,2.8,2.9,3.5,3.1,2.9,4.1,3.7,2.0,3.6,5.6,3.9,3.6,6.8,3.3,1.3,-3.6,1.3,1.1,1.3,0.8,0.5,1.0,-1.3,0.5,1.6,1.0
Cuba,CUB,GDP growth (annual %),NY.GDP.MKTP.KD.ZG,,,,,,,,,,,,8.6,4.8,3.4,1.0,9.5,5.4,8.7,6.6,1.1,-4.8,19.7,8.9,5.4,7.9,1.6,0.1,-2.4,3.7,0.7,-2.9,-10.7,-11.6,-14.9,0.7,2.5,7.8,2.8,0.2,6.2,5.9,3.2,1.4,3.8,5.8,11.2,12.1,7.3,4.1,1.5,2.4,2.8,3.0,2.7,1.0,4.4,0.5,1.8,2.2,
Curacao,CUW,GDP growth (annual %),NY.GDP.MKTP.KD.ZG,,,,,,,,,,,,,,,,,,,,,,,,,,,,,,,,,,,,,,,,,,-0.7,0.4,0.3,0.2,0.7,1.6,2.5,2.2,-0.5,0.1,0.6,-0.1,-0.8,-1.1,0.3,-1.0,-1.7,-2.2,-3.4
Cayman Islands,CYM,GDP growth (annual %),NY.GDP.MKTP.KD.ZG,,,,,,,,,,,,,,,,,,,,,,,,,,,,,,,,,,,,,,,,,,,,,,,,3.2,-0.4,-7.2,-2.7,1.2,1.2,1.3,2.7,2.8,3.2,3.1,4.1,
Cyprus,CYP,GDP growth (annual %),NY.GDP.MKTP.KD.ZG,,,,,,,,,,,,,,,,,20.3,16.4,7.8,9.9,5.8,2.5,6.0,5.6,8.8,4.9,3.7,7.1,8.6,7.9,7.4,0.7,9.4,0.7,5.9,8.4,1.2,2.6,6.1,5.0,6.0,4.0,3.7,2.6,5.0,4.9,4.7,5.1,3.6,-2.0,2.0,0.4,-3.4,-6.6,-1.8,3.2,6.4,5.2,5.2,3.1
Czech Republic,CZE,GDP growth (annual %),NY.GDP.MKTP.KD.ZG,,,,,,,,,,,,,,,,,,,,,,,,,,,,,,,,-11.6,-0.5,0.1,2.9,6.5,4.3,-0.5,-0.4,1.4,4.0,3.0,1.6,3.6,4.8,6.6,6.8,5.6,2.7,-4.7,2.4,1.8,-0.8,0.0,2.3,5.4,2.5,5.2,3.2,2.3
Germany,DEU,GDP growth (annual %),NY.GDP.MKTP.KD.ZG,,,,,,,,,,,,3.1,4.3,4.8,0.9,-0.9,4.9,3.3,3.0,4.2,1.4,0.5,-0.4,1.6,2.8,2.3,2.3,1.4,3.7,3.9,5.3,5.1,1.9,-1.0,2.4,1.5,0.8,1.8,2.0,1.9,2.9,1.7,-0.2,-0.7,1.2,0.7,3.8,3.0,1.0,-5.7,4.2,3.9,0.4,0.4,2.2,1.5,2.2,2.6,1.3,0.6
Djibouti,DJI,GDP growth (annual %),NY.GDP.MKTP.KD.ZG,,,,,,,,,,,,,,,,,,,,,,,,,,,,,,,,,,,,,,,,,,,,,,,,,,,,,,,7.1,7.7,6.7,5.4,8.4,7.8
Dominica,DMA,GDP growth (annual %),NY.GDP.MKTP.KD.ZG,,,,,,,,,,,,,,,,,,,10.5,-18.4,13.4,10.8,4.1,2.6,4.2,1.4,7.1,6.3,7.8,-0.2,5.4,1.3,2.0,2.2,0.0,3.0,3.1,2.2,3.8,0.4,2.3,-0.1,-2.8,6.4,3.1,0.7,4.7,6.4,7.1,-1.2,0.7,-0.2,-1.1,-1.0,4.4,-2.7,2.6,-6.8,2.3,3.6
Denmark,DNK,GDP growth (annual %),NY.GDP.MKTP.KD.ZG,,6.4,5.7,0.6,9.3,4.6,2.7,5.5,5.6,6.5,1.6,3.0,3.9,4.1,-1.1,-1.5,5.9,1.9,2.2,3.9,-0.5,-0.7,3.7,2.6,4.2,4.0,4.9,0.3,0.0,0.6,1.5,1.4,2.0,0.0,5.3,3.0,2.9,3.3,2.2,2.9,3.7,0.8,0.5,0.4,2.7,2.3,3.9,0.9,-0.5,-4.9,1.9,1.3,0.2,0.9,1.6,2.3,3.2,2.8,2.2,2.8
Dominican Republic,DOM,GDP growth (annual %),NY.GDP.MKTP.KD.ZG,,-2.3,17.0,6.5,6.8,-12.5,13.5,3.3,0.2,10.9,18.2,10.9,10.4,12.9,6.0,5.2,6.7,5.0,2.1,4.5,8.0,4.3,1.7,4.6,1.3,-2.1,3.5,10.1,2.2,4.4,-5.5,0.9,11.2,7.4,2.6,5.7,6.0,8.9,6.7,5.9,4.7,2.5,4.5,-1.3,2.6,9.4,9.2,7.4,3.2,0.9,8.3,3.1,2.7,4.9,7.1,6.9,6.7,4.7,7.0,5.1
Algeria,DZA,GDP growth (annual %),NY.GDP.MKTP.KD.ZG,,-13.6,-19.7,34.3,5.8,6.2,-4.8,9.5,10.8,8.4,8.9,-11.3,27.4,3.8,7.5,5.0,8.4,5.3,9.2,7.5,0.8,3.0,6.4,5.4,5.6,3.7,0.4,-0.7,-1.0,4.4,0.8,-1.2,1.8,-2.1,-0.9,3.8,4.1,1.1,5.1,3.2,3.8,3.0,5.6,7.2,4.3,5.9,1.7,3.4,2.4,1.6,3.6,2.9,3.4,2.8,3.8,3.7,3.2,1.3,1.2,0.8
East Asia & Pacific (excluding high income),EAP,GDP growth (annual %),NY.GDP.MKTP.KD.ZG,,-11.2,-0.1,5.8,9.8,9.9,7.6,-0.9,2.7,10.7,12.7,6.8,5.1,8.3,4.3,6.4,3.4,7.7,9.0,7.1,7.6,5.8,6.0,7.3,9.4,7.2,6.9,8.8,9.5,5.9,5.4,7.9,10.7,10.9,10.6,9.7,8.9,7.0,1.7,6.1,7.5,6.7,7.9,8.7,8.9,9.7,10.8,12.1,8.4,7.7,9.8,8.5,7.5,7.2,6.9,6.6,6.5,6.6,6.5,5.8
Early-demographic dividend,EAR,GDP growth (annual %),NY.GDP.MKTP.KD.ZG,,4.4,4.2,5.3,8.3,5.4,4.0,5.4,7.1,6.3,8.5,5.9,7.0,7.6,6.4,2.2,7.5,3.8,1.0,3.4,1.8,3.7,0.1,0.1,2.0,0.9,3.0,2.9,3.7,1.9,5.9,4.9,4.1,3.3,2.9,2.9,5.5,4.7,2.0,1.6,4.5,1.0,1.6,4.8,6.7,6.1,6.1,5.9,3.5,0.6,6.1,5.0,4.2,4.3,4.0,4.6,4.8,4.7,3.5,2.2
East Asia & Pacific,EAS,GDP growth (annual %),NY.GDP.MKTP.KD.ZG,,5.9,6.3,7.8,10.6,6.6,9.0,8.6,10.4,11.6,3.1,5.1,7.5,7.7,0.6,3.4,4.2,5.0,5.6,5.8,3.6,4.6,3.9,4.1,5.8,5.5,4.6,5.9,7.4,5.1,5.1,4.5,3.4,3.2,4.3,5.1,5.1,3.5,-0.1,3.0,4.9,2.7,3.6,4.3,5.2,5.1,5.5,6.5,3.5,1.4,7.1,4.6,4.7,4.8,4.2,4.2,4.1,4.8,4.2,3.8
Europe & Central Asia (excluding high income),ECA,GDP growth (annual %),NY.GDP.MKTP.KD.ZG,,,,,,,,,,,,,,,,,,,,,,,,,,,,,,,-1.4,-4.8,-10.5,-5.8,-11.2,-1.8,-0.1,2.9,-1.6,2.3,8.4,2.5,5.5,6.9,8.3,7.4,8.1,7.7,4.1,-6.0,5.6,6.3,4.0,4.0,2.1,0.9,1.6,4.0,3.0,1.7
Europe & Central Asia,ECS,GDP growth (annual %),NY.GDP.MKTP.KD.ZG,,,,,,,,,,,,3.7,4.7,5.9,2.3,-0.8,4.5,2.9,3.1,3.7,1.6,0.5,0.9,1.9,2.7,2.8,2.8,3.1,4.2,3.6,2.3,0.4,-0.6,-0.8,1.1,2.1,1.8,2.9,2.6,2.9,4.3,2.3,1.7,1.8,3.3,2.8,4.0,3.7,1.0,-4.4,2.6,2.4,0.3,0.9,1.8,2.0,1.9,2.8,2.2,1.5
Ecuador,ECU,GDP growth (annual %),NY.GDP.MKTP.KD.ZG,,5.1,4.9,2.1,7.4,3.3,-0.3,4.6,1.9,4.7,6.9,6.3,5.0,14.0,11.2,11.0,7.4,1.6,5.7,3.7,3.7,5.6,0.6,-0.3,2.6,3.9,3.5,-0.3,5.9,1.0,3.7,4.3,2.1,2.0,4.3,2.3,1.7,4.3,3.3,-4.7,1.1,4.0,4.1,2.7,8.2,5.3,4.4,2.2,6.4,0.6,3.5,7.9,5.6,4.9,3.8,0.1,-1.2,2.4,1.3,0.1
"Egypt, Arab Rep.",EGY,GDP growth (annual %),NY.GDP.MKTP.KD.ZG,,5.2,3.9,10.5,11.5,4.9,5.0,0.8,-1.6,5.3,5.6,4.1,3.1,3.5,1.6,8.9,13.3,9.0,8.6,4.5,10.0,7.3,9.9,5.1,9.7,5.8,4.7,3.8,5.5,4.9,5.7,1.1,4.5,2.9,4.0,4.6,5.0,5.5,5.6,6.1,6.4,3.5,2.4,3.2,4.1,4.5,6.8,7.1,7.2,4.7,5.1,1.8,2.2,2.2,2.9,4.4,4.3,4.2,5.3,5.6
Euro area,EMU,GDP growth (annual %),NY.GDP.MKTP.KD.ZG,,6.6,6.4,6.1,5.5,5.0,5.3,5.3,5.6,7.0,5.8,3.8,4.9,6.2,3.2,-0.8,5.0,3.1,3.1,3.8,2.2,0.5,0.7,1.4,2.4,2.3,2.5,2.5,4.3,4.1,3.6,2.6,1.4,-0.7,2.5,2.4,1.7,2.7,3.0,3.0,3.9,2.2,1.0,0.7,2.3,1.7,3.2,3.0,0.4,-4.5,2.1,1.7,-0.9,-0.2,1.4,2.0,1.9,2.6,1.9,1.3
Eritrea,ERI,GDP growth (annual %),NY.GDP.MKTP.KD.ZG,,,,,,,,,,,,,,,,,,,,,,,,,,,,,,,,,,13.5,21.2,2.9,9.3,7.9,1.8,0.0,-3.1,8.8,3.0,-2.7,1.5,2.6,-1.0,1.4,-9.8,3.9,2.2,8.7,,,,,,,,
Spain,ESP,GDP growth (annual %),NY.GDP.MKTP.KD.ZG,,11.8,10.0,9.6,5.3,6.3,7.2,4.3,6.6,8.9,4.3,4.6,8.1,7.8,5.6,0.5,3.3,2.8,1.5,0.0,2.2,-0.1,1.2,1.8,1.8,2.3,3.3,5.5,5.1,4.8,3.8,2.5,0.9,-1.0,2.4,2.8,2.7,3.7,4.4,4.5,5.2,3.9,2.7,3.0,3.1,3.7,4.1,3.6,0.9,-3.8,0.2,-0.8,-3.0,-1.4,1.4,3.8,3.0,3.0,2.4,2.0
Estonia,EST,GDP growth (annual %),NY.GDP.MKTP.KD.ZG,,,,,,,,,,,,,,,,,,,,,,,,,,,,,,,,,,,-1.6,4.5,4.9,13.0,4.3,-0.4,10.1,6.0,6.8,7.6,6.8,9.5,9.7,7.6,-5.1,-14.4,2.7,7.4,3.1,1.3,3.0,1.8,3.2,5.5,4.4,5.0
Ethiopia,ETH,GDP growth (annual %),NY.GDP.MKTP.KD.ZG,,,,,,,,,,,,,,,,,,,,,,,0.9,8.2,-2.8,-11.1,9.7,13.9,0.5,-0.4,2.7,-7.1,-8.7,13.1,3.2,6.1,12.4,3.1,-3.5,5.2,6.1,8.3,1.5,-2.2,13.6,11.8,10.8,11.5,10.8,8.8,12.6,11.2,8.6,10.6,10.3,10.4,9.4,9.6,6.8,8.4
European Union,EUU,GDP growth (annual %),NY.GDP.MKTP.KD.ZG,,,,,,,,,,,,3.7,4.8,6.0,3.1,-0.6,4.9,2.9,3.1,3.8,2.1,0.5,0.8,1.4,2.5,2.4,2.6,2.5,4.2,3.9,3.4,1.8,1.1,-0.6,2.7,2.7,1.9,2.7,3.0,3.0,3.9,2.2,1.1,0.9,2.6,1.9,3.5,3.2,0.6,-4.3,2.2,1.8,-0.8,-0.1,1.6,2.3,2.0,2.8,2.1,1.6
Fragile and conflict affected situations,FCS,GDP growth (annual %),NY.GDP.MKTP.KD.ZG,,1.0,7.6,5.0,6.6,4.3,0.0,-2.9,4.5,6.8,11.0,5.8,2.0,5.7,6.1,0.7,7.4,5.3,0.6,3.9,1.6,-2.9,-1.7,-5.0,0.6,2.3,3.9,3.6,4.3,-4.0,10.3,-2.6,5.6,1.5,-0.5,2.8,3.2,6.0,4.9,0.4,3.3,3.8,0.1,-2.5,14.0,7.7,7.6,6.8,5.8,3.0,4.5,0.5,8.0,3.9,1.2,1.9,2.9,1.8,2.2,2.2
Finland,FIN,GDP growth (annual %),NY.GDP.MKTP.KD.ZG,,7.6,3.0,3.3,5.2,5.3,2.4,2.2,2.3,9.6,4.8,2.4,7.7,7.0,3.2,1.8,0.3,0.2,2.9,7.1,5.4,1.3,3.1,3.1,3.2,3.5,2.8,3.6,5.2,5.1,0.7,-5.9,-3.3,-0.7,4.0,4.2,3.7,6.3,5.5,4.4,5.8,2.6,1.7,2.0,4.0,2.8,4.0,5.3,0.8,-8.1,3.2,2.5,-1.4,-0.9,-0.4,0.5,2.8,3.3,1.5,1.1
Fiji,FJI,GDP growth (annual %),NY.GDP.MKTP.KD.ZG,,3.5,3.6,6.4,4.9,-2.7,0.0,13.4,7.9,2.6,12.7,6.9,7.5,11.6,2.6,0.5,2.7,5.9,1.9,12.2,-1.6,6.3,-6.0,-4.0,8.4,-4.6,7.7,-6.6,1.0,7.4,5.8,-2.7,6.1,2.1,5.1,2.5,4.8,-2.2,1.3,8.8,-1.7,2.0,3.2,1.0,5.3,0.7,1.9,-0.9,1.0,-1.4,3.0,2.7,1.4,4.7,5.6,4.5,2.4,5.4,3.8,-0.4
France,FRA,GDP growth (annual %),NY.GDP.MKTP.KD.ZG,,5.0,6.8,6.2,6.7,4.9,5.3,4.9,4.5,7.1,6.1,5.3,4.5,6.3,4.3,-1.0,4.4,3.5,4.0,3.5,1.6,1.1,2.5,1.2,1.5,1.6,2.3,2.6,4.7,4.3,2.9,1.0,1.6,-0.6,2.4,2.1,1.4,2.3,3.6,3.4,3.9,2.0,1.1,0.8,2.8,1.7,2.4,2.4,0.3,-2.9,1.9,2.2,0.3,0.6,1.0,1.1,1.1,2.3,1.8,1.5
Faroe Islands,FRO,GDP growth (annual %),NY.GDP.MKTP.KD.ZG,,,,,,,,,,,,,,,,,,,,,,,,,,,,,,,,,,,,,,,,,,,,,,,,,,,,,,,,,,,,
"Micronesia, Fed. Sts.",FSM,GDP growth (annual %),NY.GDP.MKTP.KD.ZG,,,,,,,,,,,,,,,,,,,,,,,,,,,,1.2,2.5,3.5,3.7,7.4,4.0,8.1,-0.5,7.0,-3.2,-6.1,2.9,1.4,4.8,2.2,0.5,1.6,-3.1,2.0,-0.1,-1.8,-2.4,1.1,2.3,3.2,-1.9,-3.7,-2.3,4.6,0.9,2.7,0.2,
Gabon,GAB,GDP growth (annual %),NY.GDP.MKTP.KD.ZG,,14.8,7.4,6.1,4.6,8.3,4.5,4.1,2.5,8.1,8.7,10.3,11.3,10.2,39.5,19.2,35.6,-12.6,-24.0,0.5,2.6,5.1,-3.1,5.6,7.5,-2.3,-0.8,-17.1,12.8,8.5,5.2,6.1,-3.1,3.9,3.7,5.0,3.6,5.7,3.5,-8.9,-1.9,2.1,-0.2,2.2,0.7,2.7,-2.8,6.0,-3.3,0.1,7.1,7.1,5.3,5.6,4.3,3.9,2.1,0.5,0.8,3.9
United Kingdom,GBR,GDP growth (annual %),NY.GDP.MKTP.KD.ZG,,2.7,1.1,4.9,5.5,2.1,1.6,2.8,5.4,1.9,3.8,3.5,4.3,6.5,-2.5,-1.5,2.9,2.5,4.2,3.7,-2.0,-0.8,2.0,4.2,2.3,4.1,3.2,5.4,5.7,2.6,0.7,-1.1,0.4,2.5,3.8,2.5,2.5,3.9,3.6,3.4,3.4,3.0,2.3,3.3,2.4,3.2,2.8,2.4,-0.3,-4.2,1.9,1.5,1.5,2.1,2.6,2.4,1.9,1.9,1.3,1.5
Georgia,GEO,GDP growth (annual %),NY.GDP.MKTP.KD.ZG,,,,,,,7.5,6.2,4.5,4.8,12.1,2.5,2.8,6.5,8.8,7.4,6.1,6.9,7.4,7.4,4.6,5.3,2.0,4.3,5.4,4.9,-8.2,1.3,5.6,-7.2,-14.8,-21.1,-44.9,-29.3,-10.4,2.6,11.2,10.5,3.1,2.9,1.8,4.8,5.5,11.1,5.8,9.6,9.4,12.6,2.4,-3.7,6.2,7.4,6.4,3.6,4.4,3.0,2.9,4.8,4.9,5.0
Ghana,GHA,GDP growth (annual %),NY.GDP.MKTP.KD.ZG,,3.4,4.1,4.4,2.2,1.4,-4.3,3.1,0.4,6.0,9.7,5.2,-2.5,2.9,6.9,-12.4,-3.5,2.3,8.5,-2.5,0.5,-3.5,-6.9,-4.6,8.6,5.1,5.2,4.8,5.6,5.1,3.3,5.3,3.9,4.9,3.3,4.1,4.6,4.2,4.7,4.4,3.7,4.0,4.5,5.2,5.6,5.9,6.4,4.3,9.1,4.8,7.9,14.0,9.3,7.3,2.9,2.2,3.4,8.1,6.3,6.5
Gibraltar,GIB,GDP growth (annual %),NY.GDP.MKTP.KD.ZG,,,,,,,,,,,,,,,,,,,,,,,,,,,,,,,,,,,,,,,,,,,,,,,,,,,,,,,,,,,,
Guinea,GIN,GDP growth (annual %),NY.GDP.MKTP.KD.ZG,,,,,,,,,,,,,,,,,,,,,,,,,,,,3.3,6.3,4.0,4.3,2.6,3.3,5.0,4.0,4.6,4.5,5.2,3.6,3.8,2.5,3.7,5.2,1.2,2.3,3.0,1.2,6.8,4.1,-1.1,4.8,5.6,5.9,3.9,3.7,3.8,10.8,10.3,6.2,5.6
"Gambia, The",GMB,GDP growth (annual %),NY.GDP.MKTP.KD.ZG,,,,,,,,0.0,9.6,2.4,6.2,-0.1,0.2,9.3,5.9,12.4,7.4,3.4,6.3,-1.3,6.3,3.3,-0.8,10.9,3.5,-0.8,4.1,2.5,4.5,5.9,3.6,3.1,3.4,3.0,0.2,0.9,2.2,4.9,3.5,6.4,5.5,5.8,-3.3,6.9,7.1,-2.4,-0.6,3.0,6.3,6.7,5.9,-8.1,5.2,2.9,-1.4,4.1,1.9,4.8,7.2,6.1
Guinea-Bissau,GNB,GDP growth (annual %),NY.GDP.MKTP.KD.ZG,,,,,,,,,,,,-3.9,6.4,1.1,4.6,7.8,4.9,-7.2,13.1,2.0,-16.0,18.2,4.2,-3.4,9.1,4.2,-0.8,2.9,4.6,6.1,6.1,5.1,1.1,2.1,3.2,4.4,11.6,6.5,-28.1,1.0,5.4,2.2,-1.0,0.6,2.8,4.3,2.3,3.3,3.2,3.4,4.6,8.1,-1.7,3.3,1.0,6.1,6.3,5.9,3.8,4.6
Equatorial Guinea,GNQ,GDP growth (annual %),NY.GDP.MKTP.KD.ZG,,,,,,,,,,,,,,,,,,,,,,5.8,2.2,5.0,1.0,12.9,-2.3,4.4,2.7,-1.2,-1.8,-1.0,34.7,11.0,16.7,17.5,66.6,150.0,23.8,25.7,18.2,63.4,19.5,14.0,38.0,16.7,7.7,15.3,17.8,1.3,-8.9,6.5,8.3,-4.1,0.4,-9.1,-8.8,-5.7,-6.4,-5.6
Greece,GRC,GDP growth (annual %),NY.GDP.MKTP.KD.ZG,,13.2,0.4,11.8,9.4,10.8,6.5,5.7,7.2,11.6,8.9,7.8,10.2,8.1,-6.4,6.4,6.9,2.9,7.2,3.3,0.7,-1.6,-1.1,-1.1,2.0,2.5,0.5,-2.3,4.3,3.8,0.0,3.1,0.7,-1.6,2.0,2.1,2.9,4.5,3.9,3.1,3.9,4.1,3.9,5.8,5.1,0.6,5.7,3.3,-0.3,-4.3,-5.5,-9.1,-7.3,-3.2,0.7,-0.4,-0.2,1.5,1.9,1.9
Grenada,GRD,GDP growth (annual %),NY.GDP.MKTP.KD.ZG,,,,,,,,,,,,,,,,,,,5.3,5.6,-0.5,1.5,4.1,3.6,3.6,6.0,7.2,9.1,3.0,3.8,4.0,1.4,-0.9,-2.0,1.7,2.1,4.4,5.0,11.8,6.9,4.9,-2.0,3.4,9.5,-0.6,13.3,-4.0,6.1,0.9,-6.6,-0.5,0.8,-1.2,2.4,7.3,6.4,3.7,4.4,4.1,1.9
Greenland,GRL,GDP growth (annual %),NY.GDP.MKTP.KD.ZG,,,,,,,,,,,,13.1,6.2,6.8,5.7,0.6,6.0,8.8,6.0,4.9,8.7,0.7,-4.4,3.5,-5.2,3.7,7.1,5.5,5.6,6.7,-11.7,-0.1,-5.1,-5.0,5.9,3.7,1.5,1.5,7.8,1.4,7.1,1.3,-1.0,4.4,6.9,5.0,5.6,2.4,6.2,0.9,1.7,-0.5,1.4,-1.3,4.7,-2.5,4.7,0.5,3.2,
Guatemala,GTM,GDP growth (annual %),NY.GDP.MKTP.KD.ZG,,4.3,3.5,9.5,4.6,4.4,5.5,4.1,8.8,4.7,5.7,5.6,7.3,6.8,6.4,1.9,7.4,7.8,5.0,4.7,3.8,0.6,-3.5,-2.6,0.5,-0.6,0.1,3.5,3.9,3.9,3.1,3.7,4.8,3.9,4.0,4.9,3.0,4.4,5.0,3.8,3.6,2.3,3.9,2.5,3.2,3.3,5.4,6.3,3.3,0.5,2.9,4.2,3.0,3.7,4.4,4.1,2.7,3.0,3.2,3.8
Guam,GUM,GDP growth (annual %),NY.GDP.MKTP.KD.ZG,,,,,,,,,,,,,,,,,,,,,,,,,,,,,,,,,,,,,,,,,,,,0.9,6.4,3.5,-3.8,0.8,1.7,0.3,2.1,0.1,2.0,1.8,1.7,0.5,0.3,0.2,-0.3,
Guyana,GUY,GDP growth (annual %),NY.GDP.MKTP.KD.ZG,,4.7,1.1,-12.3,11.4,10.5,5.2,4.3,1.0,7.0,4.3,3.1,-3.3,1.2,7.7,8.5,1.5,-2.6,-1.8,-1.8,1.7,1.5,-13.2,-6.8,-5.0,2.4,-0.9,0.9,-3.7,-4.9,-3.1,6.1,7.8,8.2,8.5,5.0,8.0,6.2,-1.7,3.0,-1.4,2.3,1.1,-0.6,1.6,-2.0,5.1,7.2,1.8,3.6,4.1,5.2,5.3,3.7,1.7,0.7,3.8,3.7,4.4,5.4
High income,HIC,GDP growth (annual %),NY.GDP.MKTP.KD.ZG,,4.7,5.9,5.5,6.5,5.5,6.0,4.6,6.3,5.8,3.0,4.0,5.6,6.3,1.2,-0.1,5.0,3.9,4.1,4.1,1.5,2.0,-0.1,2.7,4.5,3.6,3.2,3.5,4.8,3.9,3.1,1.5,2.0,1.2,3.2,2.9,3.0,3.1,2.7,3.3,4.0,1.5,1.5,2.2,3.3,2.9,3.2,2.8,0.4,-3.3,2.9,1.9,1.3,1.5,2.1,2.3,1.7,2.4,2.2,1.6
"Hong Kong SAR, China",HKG,GDP growth (annual %),NY.GDP.MKTP.KD.ZG,,,14.3,15.8,8.6,14.6,1.8,1.6,3.4,11.3,9.2,7.3,10.6,12.3,2.4,0.5,16.2,11.7,8.3,11.6,10.1,9.3,2.9,6.0,10.0,0.8,11.1,13.4,8.5,2.3,3.8,5.7,6.2,6.2,6.0,2.4,4.3,5.1,-5.9,2.5,7.7,0.6,1.7,3.1,8.7,7.4,7.0,6.5,2.1,-2.5,6.8,4.8,1.7,3.1,2.8,2.4,2.2,3.8,2.8,-1.2
Honduras,HND,GDP growth (annual %),NY.GDP.MKTP.KD.ZG,,1.9,5.8,3.6,5.4,9.0,5.4,6.0,6.6,0.7,3.6,4.0,5.8,7.9,-1.2,2.1,10.5,10.4,6.0,5.6,0.6,-1.2,-2.1,0.9,6.3,5.6,5.3,6.6,1.7,2.7,2.8,-3.3,6.1,6.5,0.2,6.2,1.9,4.6,3.6,-0.7,7.3,2.7,3.8,4.5,6.2,6.1,6.6,6.2,4.2,-2.4,3.7,3.8,4.1,2.8,3.1,3.8,3.9,4.8,3.7,2.7
Heavily indebted poor countries (HIPC),HPC,GDP growth (annual %),NY.GDP.MKTP.KD.ZG,,0.0,6.9,2.9,3.3,4.1,2.5,1.8,4.3,4.4,4.5,4.2,1.7,2.9,5.7,2.0,4.0,3.7,2.5,0.7,0.3,3.4,0.9,0.6,1.2,1.8,3.0,3.0,1.2,2.0,-0.4,0.7,-0.6,0.6,-0.1,5.1,5.1,4.1,3.5,3.2,2.6,4.2,3.6,4.5,5.5,6.0,6.2,6.2,6.0,4.5,5.9,4.6,5.8,5.6,5.5,4.7,4.4,4.7,4.1,4.1
Croatia,HRV,GDP growth (annual %),NY.GDP.MKTP.KD.ZG,,,,,,,,,,,,,,,,,,,,,,,,,,,,,,,,,,,,,5.9,6.2,2.3,-0.9,2.9,3.0,5.7,5.6,4.2,4.3,5.0,5.1,1.9,-7.3,-1.3,-0.2,-2.4,-0.4,-0.3,2.4,3.5,3.4,2.8,2.9
Haiti,HTI,GDP growth (annual %),NY.GDP.MKTP.KD.ZG,,-2.9,7.9,-1.9,-1.6,2.2,-0.6,-2.1,3.2,3.8,0.7,6.5,1.0,4.8,5.8,1.1,8.4,3.7,6.2,7.6,7.4,-2.9,-3.6,0.9,0.3,0.6,-0.5,-0.8,0.2,-2.9,1.0,1.9,-5.3,-5.4,-12.0,9.9,4.1,2.7,2.2,2.7,0.9,-0.3,0.9,3.4,-1.2,3.6,1.7,5.6,2.5,6.3,-3.8,6.2,0.6,3.1,3.4,1.6,1.7,2.3,1.7,-1.7
Hungary,HUN,GDP growth (annual %),NY.GDP.MKTP.KD.ZG,,,,,,,,,,,,,,,,,,,,,,,,,,,,,,,,,-3.1,-0.6,2.9,1.5,0.1,3.1,3.9,3.1,4.5,4.1,4.7,4.1,4.8,4.2,4.0,0.2,1.1,-6.7,1.1,1.9,-1.4,1.9,4.2,3.8,2.1,4.3,5.4,4.6
IBRD only,IBD,GDP growth (annual %),NY.GDP.MKTP.KD.ZG,,2.5,3.7,4.7,7.8,5.6,5.0,4.6,6.9,7.4,7.5,6.3,6.8,7.5,5.8,4.3,6.7,4.2,3.2,4.2,4.0,2.0,2.6,1.2,4.5,4.3,4.3,4.8,3.7,2.9,2.0,1.0,0.9,3.0,2.6,3.7,4.9,5.0,2.0,3.2,5.6,3.3,4.1,5.3,7.7,6.9,7.9,8.5,5.5,2.0,7.3,6.0,5.1,5.0,4.3,3.9,4.3,5.0,4.4,3.7
IDA & IBRD total,IBT,GDP growth (annual %),NY.GDP.MKTP.KD.ZG,,2.4,3.9,4.8,7.5,5.4,4.5,3.7,6.5,7.6,7.9,6.4,6.2,7.2,6.0,3.8,6.6,4.2,2.9,4.2,4.0,1.7,2.4,0.9,4.2,4.3,4.1,4.7,3.8,2.8,2.2,1.0,0.9,2.8,2.5,3.7,4.9,4.9,2.1,3.2,5.5,3.4,4.2,5.3,7.6,6.9,7.8,8.3,5.5,2.2,7.2,5.9,5.0,5.0,4.4,3.9,4.2,4.9,4.4,3.7
IDA total,IDA,GDP growth (annual %),NY.GDP.MKTP.KD.ZG,,1.1,5.5,5.1,4.8,4.6,0.7,-3.7,3.6,9.5,11.4,6.7,1.5,4.2,7.7,-1.2,5.8,4.4,0.5,3.8,3.2,-1.4,-0.5,-1.5,1.6,4.1,3.0,3.4,4.3,2.6,4.1,1.5,1.8,0.5,0.5,3.3,4.8,3.2,3.3,3.0,3.8,4.7,5.8,5.2,6.7,6.2,6.2,6.4,5.3,5.4,6.2,4.5,4.7,5.9,5.7,3.9,3.2,4.1,4.4,3.7
IDA blend,IDB,GDP growth (annual %),NY.GDP.MKTP.KD.ZG,,1.3,4.3,7.9,5.1,5.5,-0.7,-8.8,2.0,16.6,18.7,11.0,4.0,5.7,8.9,-2.3,6.5,5.2,-1.0,6.0,5.4,-4.8,-1.4,-3.5,1.5,6.1,2.6,3.6,6.2,2.9,6.7,1.8,3.0,-0.4,0.7,1.8,4.6,2.1,2.7,2.0,3.8,4.4,7.6,5.2,7.6,5.9,5.8,5.7,4.3,6.1,6.3,4.8,4.6,5.7,5.9,3.7,1.5,2.7,3.5,2.2
Indonesia,IDN,GDP growth (annual %),NY.GDP.MKTP.KD.ZG,,5.7,1.8,-2.2,3.5,1.1,2.8,1.4,10.9,6.8,7.6,7.0,7.0,8.1,7.6,5.0,6.9,8.8,6.8,7.3,9.9,7.9,2.2,4.2,7.0,2.5,5.9,4.9,5.8,7.5,7.2,6.9,6.5,6.5,7.5,8.2,7.8,4.7,-13.1,0.8,4.9,3.6,4.5,4.8,5.0,5.7,5.5,6.3,6.0,4.6,6.2,6.2,6.0,5.6,5.0,4.9,5.0,5.1,5.2,5.0
IDA only,IDX,GDP growth (annual %),NY.GDP.MKTP.KD.ZG,,,6.7,2.5,4.5,3.8,2.1,1.2,5.1,3.7,4.6,2.2,-1.4,2.5,6.2,0.3,4.9,3.3,2.3,1.1,0.4,3.2,0.6,0.8,1.6,2.0,3.4,3.2,2.2,2.3,1.1,1.2,0.4,1.6,0.3,5.1,4.9,4.4,3.9,4.1,3.8,5.0,3.9,5.3,5.8,6.6,6.7,7.0,6.3,4.8,6.1,4.2,4.9,6.0,5.5,4.1,4.9,5.4,5.2,5.0
Isle of Man,IMN,GDP growth (annual %),NY.GDP.MKTP.KD.ZG,,,,,,,,,,,,,,,,,,,,,,,,,,0.4,19.1,9.9,11.8,6.8,4.2,1.6,0.8,2.6,4.0,4.3,7.7,8.6,13.5,13.7,5.3,5.4,6.2,6.0,5.2,5.9,7.7,7.5,4.9,2.1,3.4,2.0,7.3,4.1,5.2,-0.4,7.0,2.8,2.2,
India,IND,GDP growth (annual %),NY.GDP.MKTP.KD.ZG,,3.7,2.9,6.0,7.5,-2.6,-0.1,7.8,3.4,6.5,5.2,1.6,-0.6,3.3,1.2,9.1,1.7,7.3,5.7,-5.2,6.7,6.0,3.5,7.3,3.8,5.3,4.8,4.0,9.6,5.9,5.5,1.1,5.5,4.8,6.7,7.6,7.5,4.0,6.2,8.8,3.8,4.8,3.8,7.9,7.9,7.9,8.1,7.7,3.1,7.9,8.5,5.2,5.5,6.4,7.4,8.0,8.3,7.0,6.1,4.2
Not classified,INX,GDP growth (annual %),NY.GDP.MKTP.KD.ZG,,,,,,,,,,,,,,,,,,,,,,,,,,,,,,,,,,,,,,,,,,,,,,,,,,,,,,,,,,,,
Ireland,IRL,GDP growth (annual %),NY.GDP.MKTP.KD.ZG,,,,,,,,,,,,3.5,6.5,4.7,4.3,5.7,1.4,8.2,7.2,3.1,3.1,3.3,2.3,-0.2,4.4,3.1,-0.4,4.7,5.2,5.8,8.5,1.9,3.3,2.7,5.8,9.6,7.4,10.9,8.7,10.5,9.4,5.3,5.9,3.0,6.7,5.7,5.1,5.3,-4.5,-5.1,1.8,0.3,0.2,1.4,8.6,25.2,3.7,8.1,8.2,5.5
"Iran, Islamic Rep.",IRN,GDP growth (annual %),NY.GDP.MKTP.KD.ZG,,11.5,8.6,7.3,9.2,17.2,11.2,11.6,14.8,16.3,11.1,14.4,14.4,8.6,6.5,-2.4,17.2,-4.1,-14.1,-10.5,-27.5,-5.2,27.2,8.6,-8.8,2.2,-10.2,0.6,-5.4,6.0,13.8,12.4,2.8,1.0,-1.5,2.3,5.2,0.5,2.2,0.9,5.9,0.8,7.3,8.7,4.4,3.2,5.0,8.2,0.3,1.0,5.8,2.6,-7.4,-0.2,4.6,-1.3,13.4,3.8,-6.0,-6.8
Iraq,IRQ,GDP growth (annual %),NY.GDP.MKTP.KD.ZG,,,,,,,,,,3.2,4.5,5.4,3.7,4.4,16.1,12.5,17.2,1.9,17.1,20.9,24.8,-0.7,3.4,-13.1,-1.5,1.5,4.6,9.3,0.0,-3.1,57.8,-64.0,32.6,30.3,3.9,2.1,11.0,21.2,34.9,17.6,1.4,2.3,-6.9,-33.1,54.2,4.4,10.2,1.4,8.2,3.4,6.4,7.5,13.9,7.6,0.7,2.5,15.2,-2.5,-0.6,4.4
Iceland,ISL,GDP growth (annual %),NY.GDP.MKTP.KD.ZG,,-0.1,8.3,10.3,9.9,7.4,8.7,-1.3,-5.5,2.4,10.4,13.1,6.2,6.8,5.7,0.6,6.0,8.8,6.0,4.9,5.7,4.3,2.2,-2.2,4.1,3.3,6.3,8.5,-0.1,0.3,1.2,-0.2,-3.4,1.3,3.6,0.1,4.6,5.8,7.1,4.0,4.9,3.9,0.7,2.3,8.0,6.3,5.2,9.4,2.0,-6.8,-3.4,1.9,1.3,4.1,2.1,4.7,6.6,4.5,3.8,1.9
Israel,ISR,GDP growth (annual %),NY.GDP.MKTP.KD.ZG,,11.2,10.2,10.7,7.9,9.1,-0.1,3.0,16.2,13.6,-0.8,11.0,12.1,5.6,6.5,3.2,0.3,1.0,5.6,6.2,1.7,5.3,2.1,3.4,0.9,4.0,4.2,7.1,2.9,0.6,7.3,7.7,7.8,4.1,7.4,10.7,5.0,3.9,3.9,3.1,7.5,0.1,0.0,1.0,4.2,3.9,5.6,5.8,3.0,0.9,5.6,4.8,2.3,4.1,3.8,2.3,4.0,3.5,3.5,3.5
Italy,ITA,GDP growth (annual %),NY.GDP.MKTP.KD.ZG,,8.2,6.2,5.6,2.8,3.3,6.0,7.2,6.5,6.1,5.3,1.8,3.7,7.1,5.5,-2.1,7.1,2.6,3.2,6.0,3.4,0.8,0.4,1.2,3.2,2.8,2.9,3.2,4.2,3.4,2.0,1.5,0.8,-0.9,2.2,2.9,1.3,1.8,1.8,1.6,3.8,2.0,0.3,0.1,1.4,0.8,1.8,1.5,-1.0,-5.3,1.7,0.7,-3.0,-1.8,0.0,0.8,1.3,1.7,0.9,0.3
Jamaica,JAM,GDP growth (annual %),NY.GDP.MKTP.KD.ZG,,,,,,,,1.8,5.7,5.6,12.1,2.5,18.0,-5.5,-4.2,-0.3,-6.7,-2.6,-0.1,-1.1,-5.7,2.6,2.1,1.9,-1.5,-2.9,1.9,7.9,4.0,7.2,4.2,4.8,2.0,9.4,1.4,2.3,-0.1,-1.1,-2.3,1.0,0.9,1.3,2.0,3.7,1.3,0.9,2.9,1.4,-0.8,-4.3,-1.5,1.7,-0.6,0.5,0.7,0.9,1.4,1.0,1.9,0.7
Jordan,JOR,GDP growth (annual %),NY.GDP.MKTP.KD.ZG,,,,,,,,,,,,,,,,,,8.3,14.7,20.8,11.2,17.2,7.0,-2.2,4.3,-2.7,5.5,2.3,1.5,-10.7,-0.3,1.6,14.3,4.5,5.0,6.2,2.1,3.3,3.0,3.4,4.2,5.3,5.8,4.2,8.6,8.1,8.1,8.2,7.2,5.0,2.3,2.7,2.4,2.6,3.4,2.5,2.0,2.1,1.9,2.0
Japan,JPN,GDP growth (annual %),NY.GDP.MKTP.KD.ZG,,12.0,8.9,8.5,11.7,5.8,10.6,11.1,12.9,12.5,0.4,4.7,8.4,8.0,-1.2,3.1,4.0,4.4,5.3,5.5,2.8,4.2,3.3,3.5,4.5,5.2,3.3,4.7,6.8,4.9,4.9,3.4,0.8,-0.5,1.0,2.7,3.1,1.1,-1.1,-0.3,2.8,0.4,0.1,1.5,2.2,1.7,1.4,1.7,-1.1,-5.4,4.2,-0.1,1.5,2.0,0.4,1.2,0.5,2.2,0.3,0.7
Kazakhstan,KAZ,GDP growth (annual %),NY.GDP.MKTP.KD.ZG,,,,,,,,,,,,,,,,,,,,,,,,,,,,,,,,-11.0,-5.3,-9.2,-12.6,-8.2,0.5,1.7,-1.9,2.7,9.8,13.5,9.8,9.3,9.6,9.7,10.7,8.9,3.3,1.2,7.3,7.4,4.8,6.0,4.2,1.2,1.1,4.1,4.1,4.5
Kenya,KEN,GDP growth (annual %),NY.GDP.MKTP.KD.ZG,,-7.8,9.5,8.8,5.0,2.0,14.7,3.4,8.0,8.0,-4.7,22.2,17.1,5.9,4.1,0.9,2.2,9.5,6.9,7.6,5.6,3.8,1.5,1.3,1.8,4.3,7.2,5.9,6.2,4.7,4.2,1.4,-0.8,0.4,2.6,4.4,4.1,0.5,3.3,2.3,0.6,3.8,0.5,2.9,5.1,5.9,6.5,6.9,0.2,3.3,8.4,6.1,4.6,5.9,5.4,5.7,5.9,4.8,6.3,5.4
Kyrgyz Republic,KGZ,GDP growth (annual %),NY.GDP.MKTP.KD.ZG,,,,,,,,,,,,,,,,,,,,,,,,,,,,3.3,13.2,2.8,5.7,-7.9,-13.8,-15.5,-20.1,-5.4,7.1,9.9,2.1,3.7,5.4,5.3,0.0,7.0,7.0,-0.2,3.1,8.5,8.4,2.9,-0.5,6.0,-0.1,10.9,4.0,3.9,4.3,4.7,3.8,4.5
Cambodia,KHM,GDP growth (annual %),NY.GDP.MKTP.KD.ZG,,,,,,,,,,,,,,,,,,,,,,,,,,,,,,,,,,,-34.8,9.9,5.9,4.0,4.7,12.7,10.7,7.4,6.6,8.5,10.3,13.3,10.8,10.2,6.7,0.1,6.0,7.1,7.3,7.4,7.1,7.0,7.0,6.8,7.5,7.1
Kiribati,KIR,GDP growth (annual %),NY.GDP.MKTP.KD.ZG,,,,,,,,,,,,-2.3,12.1,20.9,45.3,5.3,-26.8,-4.6,1.1,-11.6,-16.5,-3.3,6.8,-0.8,4.8,-6.9,-0.8,-9.2,9.2,-3.4,-0.9,0.0,0.9,0.9,1.7,0.0,1.7,1.7,6.6,-1.5,6.3,-1.5,3.8,2.0,-1.6,5.0,0.0,2.0,-2.1,0.8,-0.9,1.6,4.7,4.2,-0.7,10.4,5.1,0.9,2.3,2.2
St. Kitts and Nevis,KNA,GDP growth (annual %),NY.GDP.MKTP.KD.ZG,,,,,,,,,,,,,,,,,,,3.9,7.6,8.4,1.5,0.5,1.2,8.9,8.6,10.9,6.6,9.2,5.5,4.9,-1.9,4.3,6.8,5.3,5.4,5.8,6.8,-0.5,3.2,10.0,5.3,1.4,-3.9,4.0,9.7,3.1,0.6,6.1,-4.0,-0.6,1.8,-2.2,5.4,6.3,1.0,2.8,-2.0,2.9,2.8
"Korea, Rep.",KOR,GDP growth (annual %),NY.GDP.MKTP.KD.ZG,,6.9,3.9,9.0,9.5,7.3,12.0,9.1,13.2,14.6,10.1,10.5,7.2,14.9,9.5,7.8,13.2,12.3,11.0,8.7,-1.6,7.2,8.3,13.4,10.6,7.8,11.3,12.7,12.0,7.1,9.9,10.8,6.2,6.9,9.3,9.6,7.9,6.2,-5.1,11.5,9.1,4.9,7.7,3.1,5.2,4.3,5.3,5.8,3.0,0.8,6.8,3.7,2.4,3.2,3.2,2.8,2.9,3.2,2.9,2.0
Kuwait,KWT,GDP growth (annual %),NY.GDP.MKTP.KD.ZG,,,,,,,,,,,,,,,,,,,,,,,,,,,,,,,,,,34.0,8.4,4.9,0.6,2.5,3.7,-1.8,4.7,0.2,3.0,17.3,10.2,10.6,7.5,6.0,2.5,-7.1,-2.4,9.6,6.6,1.1,0.5,0.6,2.9,-4.7,1.2,0.4
Latin America & Caribbean (excluding high income),LAC,GDP growth (annual %),NY.GDP.MKTP.KD.ZG,,6.6,4.9,2.3,7.7,5.3,3.7,4.5,8.2,6.3,6.8,6.7,7.6,9.2,6.7,4.3,6.3,4.7,3.7,6.5,6.0,0.2,-0.1,-2.4,3.8,3.7,4.5,3.2,0.8,1.0,0.3,3.4,2.2,3.6,4.6,1.2,3.4,5.0,2.0,0.0,3.8,0.7,0.2,1.5,6.3,4.3,5.4,5.7,4.0,-1.9,6.0,4.4,2.7,2.8,1.0,-0.1,-0.5,1.9,1.5,0.8
Lao PDR,LAO,GDP growth (annual %),NY.GDP.MKTP.KD.ZG,,,,,,,,,,,,,,,,,,,,,,,,,,5.1,4.9,-1.4,-2.0,14.2,6.7,4.3,5.6,5.9,8.2,7.0,6.9,6.9,4.0,7.3,5.8,5.8,5.9,6.1,6.4,7.1,8.6,7.6,7.8,7.5,8.5,8.0,8.0,8.0,7.6,7.3,7.0,6.9,6.2,4.7
Lebanon,LBN,GDP growth (annual %),NY.GDP.MKTP.KD.ZG,,,,,,,,,,,,,,,,,,,,,,,,,,,,,,-42.5,26.5,49.4,16.4,10.8,8.1,6.4,11.3,1.1,3.7,-0.5,1.3,3.8,3.4,3.2,6.7,2.7,1.5,9.3,9.1,10.2,8.0,0.9,2.5,3.8,2.5,0.2,1.5,0.9,-1.9,-6.7
Liberia,LBR,GDP growth (annual %),NY.GDP.MKTP.KD.ZG,,,,,,,,,,,,,,,,,,,,,,,,,,,,,,,,,,,,,,,,,,2.9,3.8,-30.1,2.6,5.3,8.0,9.5,7.1,5.3,6.1,8.2,8.0,8.7,0.7,0.0,-1.6,2.5,1.2,-2.3
Libya,LBY,GDP growth (annual %),NY.GDP.MKTP.KD.ZG,,,,,,,,,,,,,,,,,,,,,,,,,,,,,,,,,,,,,,,,,3.7,-1.8,-1.0,13.0,4.5,11.9,6.5,6.4,2.7,-0.8,5.0,-62.1,123.1,-13.6,-24.0,-8.9,-2.8,26.7,15.1,2.5
St. Lucia,LCA,GDP growth (annual %),NY.GDP.MKTP.KD.ZG,,,,,,,,,,,,,,,,,,,10.3,3.8,-2.2,6.3,2.1,5.0,7.3,8.3,14.4,3.9,13.9,9.0,9.9,0.4,8.0,0.6,1.6,1.7,2.9,-0.7,6.3,2.7,0.0,-3.4,0.4,4.3,7.3,-0.4,6.2,1.7,4.9,-2.8,1.6,5.5,-0.2,-3.2,1.8,-1.4,4.0,3.5,2.6,1.7
Latin America & Caribbean,LCN,GDP growth (annual %),NY.GDP.MKTP.KD.ZG,,6.5,4.8,2.6,7.4,5.2,4.1,4.4,7.9,6.2,6.6,6.6,7.1,8.6,6.4,3.7,6.2,4.8,3.9,6.6,6.1,0.4,-0.4,-2.5,3.8,3.6,4.5,3.4,1.0,1.4,0.3,3.5,2.5,3.7,4.6,1.5,3.5,5.1,2.2,0.1,3.8,0.9,0.3,1.6,6.3,4.3,5.3,5.5,3.9,-1.9,5.8,4.4,2.8,2.8,1.0,0.1,-0.4,1.8,1.6,0.9
Least developed countries: UN classification,LDC,GDP growth (annual %),NY.GDP.MKTP.KD.ZG,,,,,,,,,,,,,,,,,,,,,,2.4,1.2,1.9,2.3,1.9,3.3,3.7,2.6,2.2,0.5,1.6,0.2,-1.0,0.6,6.1,5.8,4.7,3.9,4.1,4.1,5.2,5.3,5.4,6.7,8.0,7.5,8.2,7.1,4.8,6.2,3.9,4.9,5.8,5.6,3.6,4.0,4.6,4.5,4.5
Low income,LIC,GDP growth (annual %),NY.GDP.MKTP.KD.ZG,,,,,,,,,,,,,,,,,,,,,,,,1.7,-0.2,0.2,3.6,4.3,3.2,1.7,-1.4,0.5,-2.6,-0.5,-0.6,4.8,4.8,4.5,3.4,3.3,2.8,5.1,4.2,5.1,5.7,6.9,6.6,7.5,6.5,5.1,6.5,2.2,2.7,5.6,5.1,2.0,3.8,3.7,3.7,4.0
Liechtenstein,LIE,GDP growth (annual %),NY.GDP.MKTP.KD.ZG,,,,,,,,,,,,1.7,1.7,1.7,1.7,1.7,4.8,4.8,4.8,4.8,4.8,4.8,-1.6,0.5,4.3,7.0,4.0,9.2,5.6,4.5,2.3,1.8,3.6,4.3,6.9,5.9,6.9,7.2,7.8,10.4,3.2,-0.7,-1.0,-1.9,3.0,4.8,8.6,3.3,1.8,-1.2,,,,,,,,,,
Sri Lanka,LKA,GDP growth (annual %),NY.GDP.MKTP.KD.ZG,,,3.8,2.5,3.9,2.5,5.0,6.4,5.8,7.7,3.8,1.3,-0.4,7.1,3.8,6.1,3.3,5.1,5.7,6.4,5.8,5.7,4.1,4.8,5.1,5.0,4.4,1.7,2.5,2.3,6.4,4.6,4.4,6.9,5.6,5.5,3.8,6.4,4.7,4.3,6.0,-1.5,4.0,5.9,5.4,6.2,7.7,6.8,6.0,3.5,8.0,8.4,9.1,3.4,5.0,5.0,4.5,3.6,3.3,2.3
Lower middle income,LMC,GDP growth (annual %),NY.GDP.MKTP.KD.ZG,,2.1,2.2,7.8,6.7,2.0,0.6,2.4,4.2,8.0,8.4,3.6,3.1,4.4,5.0,3.9,5.4,5.9,4.0,1.3,4.6,1.9,2.5,2.8,2.9,4.0,3.6,3.2,5.8,4.3,3.2,0.2,2.0,0.4,1.6,4.0,5.4,3.4,4.4,5.3,4.2,4.5,4.7,6.4,7.3,6.6,6.9,6.9,4.2,4.9,6.8,4.8,5.1,5.5,5.8,5.6,5.6,5.5,5.2,4.0
Low & middle income,LMY,GDP growth (annual %),NY.GDP.MKTP.KD.ZG,,2.3,4.0,4.8,7.6,5.6,4.4,3.7,6.6,7.7,8.0,6.4,6.4,7.4,6.0,4.0,6.7,4.2,2.9,4.1,3.8,1.7,2.6,1.1,4.3,4.3,4.1,4.6,3.8,2.8,2.1,1.3,0.8,2.7,2.3,3.5,4.9,4.9,2.0,3.2,5.6,3.4,4.3,5.4,7.7,7.0,7.9,8.4,5.6,2.4,7.5,6.0,5.2,5.1,4.5,3.9,4.3,4.9,4.4,3.7
Lesotho,LSO,GDP growth (annual %),NY.GDP.MKTP.KD.ZG,,1.9,15.3,10.6,8.3,2.2,-0.4,10.9,-0.4,1.5,2.2,5.1,-0.2,26.4,11.0,-13.5,11.0,21.8,18.3,2.9,-2.7,0.7,4.5,2.0,5.5,2.6,4.7,0.7,8.6,5.8,6.0,7.0,7.0,3.5,6.0,3.3,5.6,3.7,1.5,0.5,3.9,3.6,0.7,4.6,1.7,3.5,4.2,4.8,6.7,2.2,0.8,5.4,6.7,4.2,2.9,2.7,5.0,-1.3,-0.5,-0.8
Late-demographic dividend,LTE,GDP growth (annual %),NY.GDP.MKTP.KD.ZG,,-0.4,3.2,3.7,6.6,6.2,6.5,2.6,6.8,9.9,9.9,8.5,8.2,9.7,6.4,4.8,7.1,6.4,5.4,7.5,8.4,-0.1,1.7,0.6,7.2,7.3,6.0,5.9,4.5,4.4,0.2,0.4,-0.7,3.3,3.4,5.0,4.4,5.0,2.1,4.1,6.8,4.7,5.5,6.3,7.9,7.2,8.7,9.6,6.5,2.6,7.6,6.7,5.4,5.2,4.7,4.0,3.8,4.9,5.0,4.4
Lithuania,LTU,GDP growth (annual %),NY.GDP.MKTP.KD.ZG,,,,,,,,,,,,,,,,,,,,,,,,,,,,,,,,,,,,,5.2,8.3,7.5,-1.1,3.7,6.5,6.8,10.6,6.6,7.7,7.4,11.1,2.6,-14.8,1.7,6.0,3.8,3.6,3.5,2.0,2.5,4.3,3.9,4.3
Luxembourg,LUX,GDP growth (annual %),NY.GDP.MKTP.KD.ZG,,3.8,1.4,3.4,7.9,-0.7,1.1,0.2,4.2,10.0,4.5,2.7,6.6,8.3,4.2,-6.6,2.5,1.6,4.1,2.3,0.8,-0.6,1.1,3.0,6.2,2.8,10.0,4.0,8.5,9.8,5.3,8.6,1.8,4.2,3.8,1.4,1.4,5.7,6.0,8.5,8.2,2.5,3.8,1.6,3.6,3.2,5.2,8.4,-1.3,-4.4,4.9,2.5,-0.4,3.7,4.3,4.3,4.6,1.8,3.1,2.3
Latvia,LVA,GDP growth (annual %),NY.GDP.MKTP.KD.ZG,,,,,,,,,,,,,,,,,,,,,,,,,,,,,,,,,,,,,2.6,8.9,6.3,2.7,5.7,6.3,7.1,8.4,8.5,10.7,12.0,10.0,-3.3,-14.3,-4.4,6.5,4.3,2.3,1.1,4.0,2.4,3.3,4.0,2.1
"Macao SAR, China",MAC,GDP growth (annual %),NY.GDP.MKTP.KD.ZG,,,,,,,,,,,,,,,,,,,,,,,,10.0,8.5,0.7,6.7,14.3,7.8,5.0,8.0,3.7,13.3,5.2,4.3,3.3,-0.4,-0.3,-4.6,-2.4,5.7,2.9,8.9,11.7,26.8,8.1,13.3,14.4,3.4,1.3,25.3,21.7,9.2,11.2,-1.2,-21.6,-0.7,9.9,5.4,-4.7
St. Martin (French part),MAF,GDP growth (annual %),NY.GDP.MKTP.KD.ZG,,,,,,,,,,,,,,,,,,,,,,,,,,,,,,,,,,,,,,,,,,,,,,,,,,,,,,,,,,,,
Morocco,MAR,GDP growth (annual %),NY.GDP.MKTP.KD.ZG,,,,,,,,10.0,9.9,8.4,4.7,5.6,2.4,3.6,5.6,7.6,10.8,6.1,2.2,4.8,3.6,-1.7,9.0,1.4,6.4,6.0,9.3,-0.3,11.9,2.8,3.4,7.2,-2.1,-0.7,10.6,-5.4,12.4,-1.6,7.2,1.1,1.9,7.3,3.1,6.0,4.8,3.3,7.6,3.5,5.9,4.2,3.8,5.2,3.0,4.5,2.7,4.5,1.1,4.2,3.1,2.5
Monaco,MCO,GDP growth (annual %),NY.GDP.MKTP.KD.ZG,,,,,,,,,,,,5.2,4.6,6.6,4.5,-1.0,4.4,3.6,4.0,3.5,1.7,0.9,2.4,1.2,1.5,1.7,2.5,2.5,4.6,4.2,2.6,1.0,1.4,-0.9,2.2,2.1,1.1,2.2,3.5,3.3,3.9,2.2,1.0,1.1,2.5,1.9,5.8,14.4,0.7,-11.3,2.1,7.0,1.0,9.6,7.2,4.9,3.5,-3.4,6.1,
Moldova,MDA,GDP growth (annual %),NY.GDP.MKTP.KD.ZG,,,,,,,,,,,,,,,,,,,,,,,,,,,,,,,,,,,,,-5.9,1.6,-6.5,-3.4,2.1,6.1,7.8,6.6,7.4,7.5,4.8,3.0,7.8,-6.0,7.1,5.8,-0.6,9.0,5.0,-0.3,4.4,4.7,4.3,3.6
Madagascar,MDG,GDP growth (annual %),NY.GDP.MKTP.KD.ZG,,2.0,2.3,-0.9,4.0,-0.5,2.1,5.5,6.8,3.7,5.3,3.9,-1.3,-2.6,2.0,1.3,-3.1,2.4,-2.7,9.9,1.0,-9.8,-1.9,0.9,1.8,1.2,2.0,1.2,3.4,4.1,3.1,-6.3,1.2,2.1,0.0,1.7,2.2,3.7,3.9,4.7,4.5,6.0,-12.4,9.8,5.3,4.8,5.4,5.7,6.7,-4.0,0.6,1.6,3.0,2.3,3.3,3.1,4.0,3.9,4.6,4.9
Maldives,MDV,GDP growth (annual %),NY.GDP.MKTP.KD.ZG,,,,,,,,,,,,,,,,,,,,,,,,,,,,,,,,,,,,,7.9,8.4,7.5,6.2,3.8,-3.9,7.3,13.8,6.0,-13.1,26.1,7.7,9.5,-7.2,7.3,8.6,2.5,7.3,7.3,2.9,6.3,7.2,8.1,7.0
Middle East & North Africa,MEA,GDP growth (annual %),NY.GDP.MKTP.KD.ZG,,,,,,,,,,11.6,18.5,12.3,16.3,11.9,9.9,-2.4,15.2,3.3,-4.8,4.7,-1.0,1.5,-2.0,-2.7,-1.2,-0.7,0.9,0.2,3.1,2.8,13.1,4.2,4.7,2.8,2.7,3.3,4.7,3.4,4.6,1.7,5.8,1.2,1.6,5.5,8.0,5.1,6.0,5.2,4.5,0.5,5.0,3.8,3.9,2.8,2.9,2.4,5.0,1.6,1.0,0.5
Mexico,MEX,GDP growth (annual %),NY.GDP.MKTP.KD.ZG,,5.0,4.7,8.1,11.9,7.1,6.1,5.9,9.4,3.4,6.5,3.8,8.2,7.9,5.8,5.7,4.4,3.4,9.0,9.7,9.2,8.5,-0.5,-3.5,3.4,2.2,-3.1,1.7,1.3,4.1,5.2,4.2,3.5,1.9,4.9,-6.3,6.8,6.8,5.2,2.8,4.9,-0.4,0.0,1.4,3.9,2.3,4.5,2.3,1.1,-5.3,5.1,3.7,3.6,1.4,2.8,3.3,2.6,2.1,2.2,-0.1
Marshall Islands,MHL,GDP growth (annual %),NY.GDP.MKTP.KD.ZG,,,,,,,,,,,,,,,,,,,,,,,4.8,15.5,3.9,-6.3,24.5,9.4,7.8,-1.7,2.7,0.1,7.1,6.0,5.9,8.2,-10.3,-6.4,-0.8,-1.3,1.4,6.8,3.7,-1.6,0.9,2.3,0.7,2.8,-6.8,1.4,7.6,-0.8,-2.4,3.7,-0.9,1.6,1.3,4.1,3.6,
Middle income,MIC,GDP growth (annual %),NY.GDP.MKTP.KD.ZG,,2.4,3.8,4.9,7.8,5.6,4.4,3.8,6.7,7.8,8.1,6.4,6.5,7.5,6.1,4.1,6.7,4.2,2.9,4.1,3.9,1.7,2.7,1.1,4.4,4.4,4.1,4.6,3.8,2.8,2.2,1.3,0.9,2.7,2.4,3.5,4.9,4.9,2.0,3.2,5.6,3.4,4.3,5.4,7.7,7.0,7.9,8.4,5.5,2.3,7.5,6.0,5.2,5.1,4.5,4.0,4.3,4.9,4.4,3.7
North Macedonia,MKD,GDP growth (annual %),NY.GDP.MKTP.KD.ZG,,,,,,,,,,,,,,,,,,,,,,,,,,,,,,,,-6.2,-6.6,-7.5,-1.8,-1.1,1.2,1.4,3.4,4.3,4.5,-3.1,1.5,2.2,4.7,4.7,5.1,6.5,5.5,-0.4,3.4,2.3,-0.5,2.9,3.6,3.9,2.8,1.1,2.9,3.2
Mali,MLI,GDP growth (annual %),NY.GDP.MKTP.KD.ZG,,,,,,,,,3.7,0.2,6.1,2.6,5.8,-1.5,-1.5,11.6,13.6,6.3,-1.5,10.4,-4.3,1.5,-7.4,1.8,-0.3,20.3,2.7,-0.1,7.4,4.2,-2.5,11.7,-3.2,3.2,3.8,0.9,7.1,4.8,7.6,5.7,-0.1,15.4,3.1,9.1,1.6,6.5,4.7,3.5,4.8,4.8,5.3,3.2,-0.8,2.3,7.1,6.2,5.9,5.3,4.7,4.8
Malta,MLT,GDP growth (annual %),NY.GDP.MKTP.KD.ZG,,,,,,,,,,,,2.5,5.8,4.1,10.0,19.6,17.0,12.2,11.2,10.5,7.0,3.3,2.3,-0.6,0.9,2.6,3.9,4.1,8.4,8.2,6.3,6.3,4.7,4.5,5.7,6.3,3.8,5.3,5.1,4.7,6.8,-1.2,2.6,4.1,0.1,3.4,2.5,4.8,3.8,-1.1,5.5,0.5,4.1,5.5,7.6,9.6,3.9,8.0,5.2,4.9
Myanmar,MMR,GDP growth (annual %),NY.GDP.MKTP.KD.ZG,,0.5,4.1,13.3,-5.9,10.7,-4.9,-5.9,12.1,3.3,5.0,4.1,2.4,-1.0,5.3,4.2,6.1,6.0,6.5,5.2,7.9,6.4,5.6,4.4,4.9,2.9,-1.1,-4.0,-11.4,3.7,2.8,-0.7,9.7,6.0,7.5,6.9,6.4,5.7,5.9,10.9,13.7,11.3,12.0,13.8,13.6,13.6,13.1,12.0,10.3,10.6,9.6,5.6,7.3,8.4,8.0,7.0,5.8,6.4,6.8,2.9
Middle East & North Africa (excluding high income),MNA,GDP growth (annual %),NY.GDP.MKTP.KD.ZG,,,,,,,7.4,9.6,12.0,12.8,9.5,9.2,13.8,7.0,6.7,0.5,15.4,-1.1,-6.4,-3.0,-11.9,-0.7,15.7,4.6,-1.8,3.1,-2.9,1.8,-0.7,2.7,12.9,-1.4,4.6,2.8,1.4,2.6,6.1,3.3,6.8,4.3,4.4,2.2,3.3,2.8,8.1,4.5,5.5,6.1,3.5,2.6,5.2,-0.9,2.8,1.7,2.1,0.7,7.8,2.9,-0.4,-0.4
Montenegro,MNE,GDP growth (annual %),NY.GDP.MKTP.KD.ZG,,,,,,,,,,,,,,,,,,,,,,,,,,,,,,,,,,,,,,,4.9,-9.4,3.1,1.1,1.9,2.5,4.4,4.2,8.6,6.8,7.2,-5.8,2.7,3.2,-2.7,3.5,1.8,3.4,2.9,4.7,5.1,4.1
Mongolia,MNG,GDP growth (annual %),NY.GDP.MKTP.KD.ZG,,,,,,,,,,,,,,,,,,,,,,,8.3,5.8,5.9,5.7,9.4,3.5,5.1,4.2,-3.2,-8.7,-9.3,-3.2,2.1,6.4,2.2,3.9,3.3,3.1,1.1,3.0,4.7,7.0,10.6,7.3,8.6,10.2,8.9,-1.3,6.4,17.3,12.3,11.6,7.9,2.4,1.2,5.3,7.2,5.2
Northern Mariana Islands,MNP,GDP growth (annual %),NY.GDP.MKTP.KD.ZG,,,,,,,,,,,,,,,,,,,,,,,,,,,,,,,,,,,,,,,,,,,,0.4,-3.1,-12.7,-6.9,-6.7,-11.1,-17.5,1.4,-7.7,0.5,2.4,3.8,3.5,28.3,25.6,-19.6,
Mozambique,MOZ,GDP growth (annual %),NY.GDP.MKTP.KD.ZG,,,,,,,,,,,,,,,,,,,,,,5.0,-6.9,-15.7,-6.5,1.0,-2.3,14.7,8.2,6.5,1.0,4.9,-6.1,10.6,6.5,2.3,11.2,11.3,9.9,11.7,1.2,12.1,9.3,6.9,7.9,6.6,9.7,7.7,7.3,6.3,6.5,7.4,7.3,7.0,7.4,6.7,3.8,3.7,3.4,2.3
Mauritania,MRT,GDP growth (annual %),NY.GDP.MKTP.KD.ZG,,,0.7,-2.0,27.7,16.1,0.2,3.6,10.2,1.2,12.0,1.8,-0.7,-4.6,12.2,-5.1,8.5,-1.9,-0.5,4.8,3.4,3.5,-2.3,3.7,-3.2,3.0,5.7,1.9,1.7,4.8,-1.8,1.8,1.9,5.9,-3.1,9.8,5.8,-4.0,2.8,3.7,-3.9,-0.8,1.4,6.9,4.7,8.6,18.3,-2.0,-0.3,0.1,2.6,4.2,4.5,4.2,4.3,5.4,1.3,3.5,2.1,5.9
Mauritius,MUS,GDP growth (annual %),NY.GDP.MKTP.KD.ZG,,,,,,,,,,,,,,,,,,6.5,3.8,3.5,-10.1,5.9,5.5,0.4,4.7,7.0,9.7,8.9,6.8,4.5,7.2,4.4,6.5,5.1,4.1,4.3,5.6,5.7,6.1,2.6,8.2,3.3,1.6,5.9,4.3,1.8,4.9,5.7,5.4,3.3,4.4,4.1,3.5,3.4,3.7,3.6,3.8,3.8,3.8,3.0
Malawi,MWI,GDP growth (annual %),NY.GDP.MKTP.KD.ZG,,7.6,0.7,-1.4,2.7,13.6,13.2,7.3,-1.9,5.9,0.5,16.2,6.2,2.3,7.2,6.1,5.0,4.9,9.7,4.4,0.4,-5.3,2.5,3.7,5.4,4.6,-0.2,1.6,3.2,1.3,5.7,8.7,-7.3,9.7,-10.2,16.7,7.3,3.8,3.9,3.0,1.6,-5.0,1.7,5.7,5.4,3.3,4.7,9.6,7.6,8.3,6.9,4.9,1.9,5.2,5.7,2.8,2.5,4.0,3.2,4.4
Malaysia,MYS,GDP growth (annual %),NY.GDP.MKTP.KD.ZG,,7.6,6.4,7.3,5.4,7.7,7.8,3.9,8.0,4.9,6.0,10.0,9.4,11.7,8.3,0.8,11.6,7.8,6.7,9.3,7.4,6.9,5.9,6.3,7.8,-1.0,1.2,5.2,9.9,9.1,9.0,9.5,8.9,9.9,9.2,9.8,10.0,7.3,-7.4,6.1,8.9,0.5,5.4,5.8,6.8,5.3,5.6,6.3,4.8,-1.5,7.4,5.3,5.5,4.7,6.0,5.1,4.4,5.8,4.8,4.3
North America,NAC,GDP growth (annual %),NY.GDP.MKTP.KD.ZG,,2.4,6.2,4.5,5.9,6.4,6.5,2.6,4.8,3.3,0.8,3.4,5.3,5.8,-0.2,0.0,5.4,4.5,5.3,3.2,0.0,2.6,-2.0,4.4,7.1,4.2,3.3,3.5,4.2,3.5,1.7,-0.3,3.3,2.7,4.1,2.7,3.6,3.7,4.3,4.7,4.2,1.0,1.9,2.9,3.8,3.6,3.0,2.3,0.0,-2.6,2.6,1.7,2.2,1.9,2.6,2.7,1.6,2.4,2.8,2.1
Namibia,NAM,GDP growth (annual %),NY.GDP.MKTP.KD.ZG,,,,,,,,,,,,,,,,,,,,,,1.0,-0.4,-1.8,-0.2,0.5,4.8,3.6,0.8,1.9,2.0,8.2,7.2,-1.6,1.7,3.9,3.2,4.2,3.3,3.4,3.5,1.2,4.8,4.2,12.3,2.5,7.1,5.4,2.6,0.3,6.0,5.1,5.1,5.6,5.8,4.5,-0.3,-0.3,0.7,-1.1
New Caledonia,NCL,GDP growth (annual %),NY.GDP.MKTP.KD.ZG,,,,,,,-3.8,5.4,14.3,15.7,31.0,7.0,3.4,-11.2,12.7,6.5,2.3,1.9,9.8,-13.6,-0.4,-7.0,2.4,-2.0,1.8,4.5,-1.0,5.7,34.6,11.0,3.6,4.9,0.5,0.5,2.6,5.9,0.4,2.0,-3.2,0.9,2.1,,,,,,,,,,,,,,,,,,,
Niger,NER,GDP growth (annual %),NY.GDP.MKTP.KD.ZG,,4.5,10.3,9.4,0.1,6.9,-0.4,0.1,0.4,-5.5,3.1,5.7,-5.2,-17.0,8.8,-2.8,0.7,7.8,13.5,7.1,-2.5,-0.2,2.2,-3.9,-16.8,7.7,6.4,0.1,6.9,1.0,-1.3,-0.4,2.0,0.3,1.9,2.5,0.1,1.5,10.0,-0.2,-1.2,7.3,4.9,2.2,0.4,7.3,5.9,3.1,7.7,2.0,8.6,2.4,10.5,5.3,6.6,4.4,5.7,5.0,7.2,5.9
Nigeria,NGA,GDP growth (annual %),NY.GDP.MKTP.KD.ZG,,0.2,4.1,8.6,5.0,4.9,-4.3,-15.7,-1.2,24.2,25.0,14.2,3.4,5.4,11.2,-5.2,9.0,6.0,-5.8,6.8,4.2,-13.1,-6.8,-10.9,-1.1,5.9,0.1,3.2,7.3,1.9,11.8,0.4,4.6,-2.0,-1.8,-0.1,4.2,2.9,2.6,0.6,5.0,5.9,15.3,7.3,9.3,6.4,6.1,6.6,6.8,8.0,8.0,5.3,4.2,6.7,6.3,2.7,-1.6,0.8,1.9,2.2
Nicaragua,NIC,GDP growth (annual %),NY.GDP.MKTP.KD.ZG,,7.5,10.9,10.9,11.7,9.5,3.3,7.0,1.3,6.2,1.4,3.3,2.2,6.4,14.2,-0.2,5.2,8.4,-7.8,-26.5,4.6,5.4,-0.8,4.6,-1.6,-4.1,-1.0,-0.7,-12.4,-1.7,-0.1,-0.2,0.4,-0.4,3.3,5.9,6.3,4.0,3.7,7.0,4.1,3.0,0.8,2.5,5.3,4.3,4.2,5.1,3.4,-3.3,4.4,6.3,6.5,4.9,4.8,4.8,4.6,4.6,-3.9,-3.9
Netherlands,NLD,GDP growth (annual %),NY.GDP.MKTP.KD.ZG,,0.3,6.8,3.6,8.3,8.6,2.7,5.3,6.4,6.4,6.1,4.3,3.5,5.4,3.4,0.0,4.5,2.5,2.7,2.0,1.3,-0.8,-1.2,2.1,3.1,2.6,2.8,1.9,3.4,4.4,4.2,2.4,1.7,1.3,3.0,3.1,3.5,4.3,4.7,5.0,4.2,2.3,0.2,0.2,2.0,2.1,3.5,3.8,2.2,-3.7,1.3,1.6,-1.0,-0.1,1.4,2.0,2.2,2.9,2.4,1.7
Norway,NOR,GDP growth (annual %),NY.GDP.MKTP.KD.ZG,,6.3,2.8,3.8,5.0,5.3,3.8,6.3,2.3,4.5,1.9,5.7,5.3,4.5,3.9,5.0,5.8,4.2,3.9,4.4,4.6,1.6,0.2,4.0,6.1,5.6,4.0,1.8,-0.3,1.0,1.9,3.1,3.6,2.8,5.1,4.2,5.0,5.3,2.6,2.0,3.2,2.1,1.4,0.9,4.0,2.6,2.4,3.0,0.5,-1.7,0.7,1.0,2.7,1.0,2.0,2.0,1.1,2.3,1.3,1.2
Nepal,NPL,GDP growth (annual %),NY.GDP.MKTP.KD.ZG,,1.9,1.9,1.9,7.5,-1.2,7.0,-1.6,0.7,4.5,2.6,-1.2,3.1,-0.5,6.3,1.5,4.4,3.0,4.4,2.4,-2.3,8.3,3.8,-3.0,9.7,6.1,4.6,1.7,7.7,4.3,4.6,6.4,4.1,3.8,8.2,3.5,5.3,5.0,3.0,4.4,6.2,4.8,0.1,3.9,4.7,3.5,3.4,3.4,6.1,4.5,4.8,3.4,4.8,4.1,6.0,3.3,0.6,8.2,6.7,7.0
Nauru,NRU,GDP growth (annual %),NY.GDP.MKTP.KD.ZG,,,,,,,,,,,,,,,,,,,,,,,,,,,,,,,,,,,,,,,,,,,,,,0.0,6.1,-22.9,22.2,9.1,11.1,10.0,11.4,30.6,26.6,3.7,3.6,-5.7,6.1,0.0
New Zealand,NZL,GDP growth (annual %),NY.GDP.MKTP.KD.ZG,,,,,,,,,,,,3.8,5.1,7.8,6.0,-1.7,0.9,-4.4,0.3,2.2,1.3,4.7,0.9,3.5,4.8,1.6,2.7,1.0,-0.4,0.2,0.2,-1.1,1.1,6.4,5.1,4.7,3.6,2.0,0.8,5.5,2.9,3.5,4.7,4.5,4.0,3.3,2.8,3.1,-1.0,-0.1,1.6,2.4,2.2,2.6,3.6,3.6,3.7,3.2,3.1,2.8
OECD members,OED,GDP growth (annual %),NY.GDP.MKTP.KD.ZG,,4.7,5.8,5.5,6.6,5.5,6.1,4.6,6.3,5.7,2.7,3.8,5.5,6.1,1.1,0.2,4.7,3.7,4.3,4.0,1.4,2.1,0.3,2.8,4.6,3.7,3.0,3.6,4.6,3.8,3.1,1.4,2.0,1.2,3.1,2.7,3.0,3.2,2.8,3.2,4.0,1.4,1.5,2.1,3.2,2.8,3.1,2.7,0.3,-3.4,2.9,1.9,1.3,1.5,2.1,2.4,1.7,2.6,2.2,1.6
Oman,OMN,GDP growth (annual %),NY.GDP.MKTP.KD.ZG,,,,,,,5.2,66.2,81.9,25.7,13.9,0.9,9.8,-14.3,11.5,24.4,20.5,1.0,-3.7,4.3,6.0,17.0,11.6,16.7,16.7,14.0,2.0,-3.4,6.0,11.8,-0.1,6.1,8.4,6.0,3.9,5.0,3.0,6.0,2.6,0.3,6.6,4.5,-1.1,-2.7,1.3,2.5,5.4,4.5,8.2,6.1,1.7,2.7,9.0,5.1,1.5,4.6,5.1,0.3,1.8,-1.6
Other small states,OSS,GDP growth (annual %),NY.GDP.MKTP.KD.ZG,,,,,,,,,,,,,,,,,,,,,,,,,,,,,,,,,,,,,,,,,,4.2,4.6,4.5,9.2,5.8,10.6,10.0,7.5,2.1,8.5,7.5,3.6,3.6,3.7,3.1,2.8,1.1,2.0,1.9
Pakistan,PAK,GDP growth (annual %),NY.GDP.MKTP.KD.ZG,,6.0,4.5,8.7,7.6,10.4,5.8,5.4,7.2,5.5,11.4,0.5,0.8,7.1,3.5,4.2,5.2,3.9,8.0,3.8,10.2,7.9,6.5,6.8,5.1,7.6,5.5,6.5,7.6,5.0,4.5,5.1,7.7,1.8,3.7,5.0,4.8,1.0,2.6,3.7,4.3,3.6,2.5,5.8,7.5,6.5,5.9,4.8,1.7,2.8,1.6,2.7,3.5,4.4,4.7,4.7,5.5,5.6,5.8,1.0
Panama,PAN,GDP growth (annual %),NY.GDP.MKTP.KD.ZG,,10.9,8.2,8.5,4.4,9.2,7.6,8.6,7.0,8.4,7.0,9.6,4.6,5.4,2.4,1.7,1.7,1.1,9.8,4.5,13.1,9.2,5.3,-4.5,2.7,4.9,3.6,-1.8,-13.4,1.6,8.1,9.4,8.2,5.5,2.9,1.8,4.1,6.5,7.3,3.9,2.7,0.6,2.2,4.2,7.5,7.2,8.7,12.0,9.9,1.2,5.8,11.3,9.8,6.9,5.1,5.7,5.0,5.6,3.7,3.0
Peru,PER,GDP growth (annual %),NY.GDP.MKTP.KD.ZG,,7.3,10.0,4.3,6.5,5.6,8.2,3.9,0.2,3.5,3.4,4.6,3.5,6.3,9.4,4.3,1.4,0.3,-2.6,4.1,5.9,5.6,-0.2,-10.4,3.6,2.1,9.4,9.7,-9.4,-12.3,-5.0,2.2,-0.5,5.2,12.3,7.4,2.8,6.5,-0.4,1.5,2.7,0.6,5.5,4.2,5.0,6.3,7.5,8.5,9.1,1.1,8.3,6.3,6.1,5.9,2.4,3.3,4.0,2.5,4.0,2.2
Philippines,PHL,GDP growth (annual %),NY.GDP.MKTP.KD.ZG,,5.6,4.8,7.1,3.4,5.3,4.4,5.3,4.9,4.7,3.8,5.4,5.4,8.9,3.6,5.6,8.8,5.6,5.2,5.6,5.1,3.4,3.6,1.9,-7.3,-7.3,3.4,4.3,6.8,6.2,3.0,-0.6,0.3,2.1,4.4,4.7,5.8,5.2,-0.6,3.1,4.4,3.0,3.7,5.1,6.6,4.9,5.3,6.5,4.3,1.4,7.3,3.9,6.9,6.8,6.3,6.3,7.1,6.9,6.3,6.0
Palau,PLW,GDP growth (annual %),NY.GDP.MKTP.KD.ZG,,,,,,,,,,,,,,,,,,,,,,,,,,,,,,,,,,,,,,,,,,6.4,3.6,-3.3,4.9,4.0,-0.4,2.0,-5.8,-6.6,0.2,6.7,1.7,-3.4,6.3,7.5,-0.1,-1.9,4.1,-4.2
Papua New Guinea,PNG,GDP growth (annual %),NY.GDP.MKTP.KD.ZG,,6.2,6.4,4.1,8.6,10.3,5.8,4.1,4.4,8.3,10.8,6.3,5.6,6.5,2.6,-0.9,-3.4,0.8,8.5,1.8,-2.3,-0.3,0.4,3.2,-0.4,4.0,4.7,2.8,2.9,-1.4,-3.0,9.5,13.8,18.2,5.9,-3.3,7.7,-3.9,-3.8,1.9,-2.5,-0.1,-0.2,2.2,2.7,6.3,5.4,7.8,-0.3,6.8,10.1,1.1,4.7,3.8,13.5,6.6,5.5,3.5,-0.3,5.9
Poland,POL,GDP growth (annual %),NY.GDP.MKTP.KD.ZG,,,,,,,,,,,,,,,,,,,,,,,,,,,,,,,,-7.0,2.5,3.7,5.3,7.1,6.1,6.4,4.6,4.7,4.6,1.3,2.0,3.5,5.0,3.5,6.1,7.1,4.2,2.8,3.7,4.8,1.3,1.1,3.4,4.2,3.1,4.8,5.4,4.5
Pre-demographic dividend,PRE,GDP growth (annual %),NY.GDP.MKTP.KD.ZG,,,,,,,,,,11.8,12.7,9.5,3.2,4.0,9.0,-0.4,7.4,4.7,-0.2,6.3,4.9,-4.2,-1.1,-5.0,0.6,3.8,2.5,3.9,3.8,1.5,9.8,-10.0,3.0,-0.2,0.1,3.2,5.9,5.9,7.7,4.8,2.9,4.8,6.1,-0.3,12.7,6.7,7.1,6.4,6.8,5.2,6.3,4.6,5.8,5.9,4.9,3.0,3.0,1.4,2.0,3.0
Puerto Rico,PRI,GDP growth (annual %),NY.GDP.MKTP.KD.ZG,,7.0,8.3,8.7,7.1,9.2,7.5,6.2,5.2,9.4,8.4,6.4,7.2,6.3,2.9,-0.7,6.2,6.0,6.9,7.9,4.2,1.1,-1.6,-2.3,5.9,3.1,5.0,5.8,5.9,4.3,-2.8,2.3,4.6,4.6,4.2,4.5,2.3,4.9,5.5,5.4,3.3,6.3,0.9,0.1,8.7,-2.0,-1.4,-1.2,-1.8,-2.0,-0.4,-0.4,0.0,-0.3,-1.2,-1.0,-1.3,-2.9,-4.7,1.2
"Korea, Dem. Peoples Rep.",PRK,GDP growth (annual %),NY.GDP.MKTP.KD.ZG,,,,,,,,,,,,,,,,,,,,,,,,,,,,,,,,,,,,,,,,,,,,,,,,,,,,,,,,,,,,
Portugal,PRT,GDP growth (annual %),NY.GDP.MKTP.KD.ZG,,5.5,6.6,5.9,6.3,7.5,4.1,7.5,8.9,2.1,12.6,6.6,8.0,11.2,1.1,-4.3,6.9,5.6,2.8,5.6,4.6,1.6,2.1,-0.2,-1.9,2.8,4.1,6.4,7.5,6.4,4.0,4.4,1.1,-2.0,1.0,4.3,3.5,4.4,4.8,3.9,3.8,1.9,0.8,-0.9,1.8,0.8,1.6,2.5,0.3,-3.1,1.7,-1.7,-4.1,-0.9,0.8,1.8,2.0,3.5,2.8,2.2
Paraguay,PRY,GDP growth (annual %),NY.GDP.MKTP.KD.ZG,,6.9,3.3,4.7,4.2,6.2,2.0,9.2,4.5,4.7,5.6,5.5,6.6,7.3,8.4,6.9,7.5,11.5,12.0,11.9,11.7,9.2,-1.4,-3.0,2.8,4.5,5.0,7.6,5.9,6.9,4.1,3.5,1.7,4.9,5.3,6.8,1.6,4.2,0.1,-1.4,-2.3,-0.8,0.0,4.3,4.1,2.1,4.8,5.4,6.4,-0.3,11.1,4.2,-0.5,8.4,4.9,3.1,4.3,5.0,3.4,0.0
West Bank and Gaza,PSE,GDP growth (annual %),NY.GDP.MKTP.KD.ZG,,,,,,,,,,,,,,,,,,,,,,,,,,,,,,,,,,,,7.1,1.2,14.7,14.3,8.3,-8.6,-9.3,-12.5,14.0,21.9,11.3,-1.0,3.8,7.4,8.6,5.8,9.6,6.1,4.7,-0.2,3.7,8.9,1.4,1.2,0.9
Pacific island small states,PSS,GDP growth (annual %),NY.GDP.MKTP.KD.ZG,,,,,,,,,,,,,,,,,,,,,,4.4,-3.1,-0.9,6.0,-2.4,5.4,-2.6,0.9,4.8,3.9,0.2,5.4,3.0,4.8,4.4,3.0,-1.1,1.7,4.7,-1.1,1.1,2.0,2.1,4.0,2.2,2.4,1.2,1.8,-0.9,3.1,3.6,0.8,3.4,3.5,3.6,3.6,4.1,2.9,0.6
Post-demographic dividend,PST,GDP growth (annual %),NY.GDP.MKTP.KD.ZG,,4.7,5.9,5.4,6.5,5.5,6.0,4.6,6.2,5.8,2.6,3.8,5.4,6.2,1.0,0.0,4.7,3.7,4.2,3.9,1.2,2.0,0.4,3.0,4.6,3.7,3.2,3.5,4.8,3.8,2.8,1.2,1.8,1.0,3.0,2.7,2.8,2.9,2.6,3.3,3.9,1.5,1.5,2.0,3.1,2.8,3.0,2.7,0.2,-3.5,2.8,1.6,1.1,1.4,1.9,2.1,1.7,2.4,2.1,1.6
French Polynesia,PYF,GDP growth (annual %),NY.GDP.MKTP.KD.ZG,,,,,,,9.6,-4.7,14.9,-2.7,1.6,12.0,-4.7,7.8,18.0,-4.9,8.2,2.1,9.9,3.9,0.5,8.5,10.0,5.4,5.4,5.4,8.4,7.1,2.4,3.0,2.2,4.9,0.9,0.1,0.8,0.5,0.3,1.9,6.2,4.0,4.0,,,,,,,,,,,,,,,,,,,
Qatar,QAT,GDP growth (annual %),NY.GDP.MKTP.KD.ZG,,,,,,,,,,,,,,,,,,,,,,,,,,,,,,,,,,,,,,,,,,3.9,7.2,3.7,19.2,7.5,26.2,18.0,17.7,12.0,19.6,13.4,4.7,5.6,5.3,4.8,3.1,-1.5,1.2,0.8
Romania,ROU,GDP growth (annual %),NY.GDP.MKTP.KD.ZG,,,,,,,,,,,,,,,,,,,,,,,,,,,,,,,,-12.9,-8.8,1.5,3.9,6.2,3.9,-4.8,-2.0,-0.4,2.5,5.2,5.7,2.3,10.4,4.7,8.0,7.2,9.3,-5.5,-3.9,1.9,2.0,3.8,3.6,3.0,4.7,7.3,4.5,4.2
Russian Federation,RUS,GDP growth (annual %),NY.GDP.MKTP.KD.ZG,,,,,,,,,,,,,,,,,,,,,,,,,,,,,,,-3.0,-5.0,-14.5,-8.7,-12.6,-4.1,-3.8,1.4,-5.3,6.4,10.0,5.1,4.7,7.3,7.2,6.4,8.2,8.5,5.2,-7.8,4.5,4.3,4.0,1.8,0.7,-2.0,0.2,1.8,2.5,1.3
Rwanda,RWA,GDP growth (annual %),NY.GDP.MKTP.KD.ZG,,-4.3,11.3,-9.8,-12.5,7.0,7.0,6.9,7.0,11.0,6.0,1.2,0.3,3.4,1.4,-2.1,19.5,2.0,9.2,11.9,9.0,5.4,1.8,6.0,-4.2,4.4,5.5,0.0,4.5,0.0,-2.4,-2.5,5.9,-8.1,-50.2,35.2,12.7,13.8,8.9,4.4,8.4,8.5,13.2,2.2,7.4,9.4,9.2,7.6,11.2,6.2,7.3,8.0,8.6,4.7,6.2,8.9,6.0,4.0,8.6,9.4
South Asia,SAS,GDP growth (annual %),NY.GDP.MKTP.KD.ZG,,4.1,3.3,5.4,7.7,-1.1,0.9,6.5,4.3,5.9,5.7,0.8,-1.5,3.7,2.2,7.4,2.4,6.5,6.0,-3.1,6.5,6.3,3.7,6.8,4.1,5.4,4.8,4.2,8.6,5.5,5.4,1.9,5.7,4.4,6.1,7.0,6.9,3.8,5.6,7.8,4.1,4.5,3.6,7.4,7.6,7.6,7.7,7.3,3.2,7.1,7.7,5.1,5.5,6.1,7.0,7.5,7.8,6.8,6.1,4.1
Saudi Arabia,SAU,GDP growth (annual %),NY.GDP.MKTP.KD.ZG,,,,,,,,,,6.0,58.6,20.5,22.9,24.2,16.2,-8.9,17.8,7.1,-5.2,11.9,5.7,1.9,-20.7,-16.1,-4.7,-9.8,17.0,-6.6,13.1,-0.5,15.2,15.0,4.0,-1.4,0.6,0.2,2.6,1.1,2.9,-3.8,5.6,-1.2,-2.8,11.2,8.0,5.6,2.8,1.8,6.2,-2.1,5.0,10.0,5.4,2.7,3.7,4.1,1.7,-0.7,2.4,0.3
Sudan,SDN,GDP growth (annual %),NY.GDP.MKTP.KD.ZG,,0.0,6.9,-2.8,-1.1,6.8,-3.6,1.4,2.0,1.4,5.9,2.2,-5.1,0.6,11.4,15.7,16.7,6.2,-5.9,-5.0,1.5,7.4,6.0,2.1,-5.0,-6.3,5.4,14.2,-0.3,8.9,-5.5,7.5,6.6,4.6,1.0,6.0,5.9,10.6,4.3,3.1,6.3,6.5,6.4,7.7,3.9,7.5,10.1,11.5,7.8,3.2,3.5,-2.0,0.5,4.4,2.7,4.9,4.7,0.8,-2.3,-2.5
Senegal,SEN,GDP growth (annual %),NY.GDP.MKTP.KD.ZG,,3.0,-0.1,1.9,3.9,1.3,2.9,-1.2,6.3,-6.6,8.6,-0.1,6.4,-5.6,4.2,7.5,8.9,-2.7,-4.0,7.0,-3.3,5.1,7.8,-5.3,3.7,3.3,3.1,6.1,-0.6,4.0,-0.7,2.6,1.2,1.3,0.0,5.4,2.0,3.1,5.9,6.3,3.2,4.6,0.7,6.7,5.9,5.6,2.5,4.9,4.1,2.1,3.6,1.5,5.1,2.8,6.6,6.4,6.4,7.4,6.4,5.3
Singapore,SGP,GDP growth (annual %),NY.GDP.MKTP.KD.ZG,,8.1,7.6,10.0,-3.1,7.8,10.2,12.5,13.5,13.8,13.9,12.4,13.3,10.6,6.1,4.0,7.4,6.9,7.8,9.6,10.1,10.8,7.1,8.6,8.8,-0.6,1.3,10.8,11.3,10.2,9.8,6.7,6.6,11.5,11.1,7.2,7.5,8.3,-2.2,5.7,9.0,-1.1,3.9,4.5,9.8,7.4,9.0,9.0,1.9,0.1,14.5,6.3,4.5,4.8,3.9,3.0,3.2,4.3,3.4,0.7
Solomon Islands,SLB,GDP growth (annual %),NY.GDP.MKTP.KD.ZG,,,,,,,,,,,,,,,,,,,,,,-1.8,-1.7,3.9,0.2,-3.1,-0.2,8.4,1.2,4.3,2.2,6.0,12.7,4.0,8.1,10.1,1.6,-0.9,1.3,-0.5,-14.3,-8.0,-2.8,6.5,6.7,5.5,4.9,4.5,5.8,2.6,8.6,7.3,1.9,5.3,1.1,1.4,5.9,5.3,3.9,1.2
Sierra Leone,SLE,GDP growth (annual %),NY.GDP.MKTP.KD.ZG,,1.8,4.5,1.7,6.7,7.2,1.7,0.0,2.0,8.5,8.6,3.5,0.9,2.3,3.5,1.7,-0.4,0.0,2.4,4.5,4.8,2.9,4.8,-2.1,4.1,-5.3,1.2,7.2,-7.1,0.7,3.3,2.4,-19.0,1.4,-1.9,-8.0,1.8,-5.9,1.8,-2.0,6.7,-6.3,26.4,9.3,6.6,4.5,4.2,8.1,5.4,3.2,5.3,6.3,15.2,20.7,4.6,-20.6,6.1,4.2,3.4,5.5
El Salvador,SLV,GDP growth (annual %),NY.GDP.MKTP.KD.ZG,,,,,,,7.2,5.4,3.2,3.5,3.0,3.9,6.1,4.9,5.3,2.9,5.0,6.8,5.3,-4.2,-11.8,-10.5,-6.3,1.5,1.3,0.6,0.2,2.5,1.9,1.0,4.8,1.5,7.0,5.8,4.7,4.7,0.8,3.1,2.7,2.2,1.1,0.9,1.6,1.6,0.9,2.7,4.3,1.9,2.6,-2.1,2.1,3.8,2.8,2.2,1.7,2.4,2.5,2.2,2.4,2.4
San Marino,SMR,GDP growth (annual %),NY.GDP.MKTP.KD.ZG,,,,,,,,,,,,,,,,,,,,,,,,,,,,,,,,,,,,,,,7.5,9.0,2.2,5.6,0.3,3.9,4.5,2.4,3.8,7.1,-0.5,-10.3,-5.5,-8.3,-7.0,-0.8,-0.7,2.5,2.5,0.6,1.3,
Somalia,SOM,GDP growth (annual %),NY.GDP.MKTP.KD.ZG,,-3.3,7.1,2.8,-6.1,-5.9,9.1,5.9,2.0,-1.7,4.6,2.6,10.1,-2.0,-18.3,30.1,-1.0,23.3,3.7,-2.7,-3.9,5.7,4.1,-8.8,3.6,8.2,3.4,5.1,-0.6,-0.2,-1.5,,,,,,,,,,,,,,,,,,,,,,,,,,,,,
Serbia,SRB,GDP growth (annual %),NY.GDP.MKTP.KD.ZG,,,,,,,,,,,,,,,,,,,,,,,,,,,,,,,,,,,,,6.3,7.2,3.3,-9.4,6.1,6.9,6.4,4.4,9.0,5.5,5.1,6.4,5.7,-2.7,0.7,2.0,-0.7,2.9,-1.6,1.8,3.3,2.1,4.5,4.2
Sub-Saharan Africa (excluding high income),SSA,GDP growth (annual %),NY.GDP.MKTP.KD.ZG,,1.4,5.8,6.3,5.4,5.0,1.5,-0.6,3.0,9.0,10.0,7.5,2.7,4.3,7.9,-0.1,5.2,2.4,-0.3,4.1,4.1,-0.5,-1.1,-2.5,2.6,1.8,1.6,2.6,4.5,2.5,2.4,0.4,-0.4,-0.9,1.2,3.4,5.1,3.5,2.4,2.2,3.4,4.3,6.4,4.2,6.5,6.2,6.2,6.5,5.4,3.1,5.6,4.5,4.1,5.0,4.7,2.8,1.1,2.4,2.4,2.3
South Sudan,SSD,GDP growth (annual %),NY.GDP.MKTP.KD.ZG,,,,,,,,,,,,,,,,,,,,,,,,,,,,,,,,,,,,,,,,,,,,,,,,,,5.0,5.5,-4.6,-46.1,13.1,3.4,-10.8,,,,
Sub-Saharan Africa,SSF,GDP growth (annual %),NY.GDP.MKTP.KD.ZG,,1.4,5.8,6.3,5.4,5.0,1.6,-0.6,3.0,9.0,10.0,7.5,2.7,4.3,7.9,-0.1,5.2,2.4,-0.3,4.1,4.0,-0.4,-1.1,-2.5,2.6,1.8,1.6,2.7,4.5,2.5,2.4,0.4,-0.3,-0.9,1.2,3.4,5.1,3.6,2.4,2.2,3.5,4.3,6.4,4.2,6.5,6.2,6.2,6.5,5.3,3.1,5.6,4.5,4.1,5.0,4.7,2.8,1.2,2.4,2.4,2.3
Small states,SST,GDP growth (annual %),NY.GDP.MKTP.KD.ZG,,,,,,,,,,,,,,,,,,,,,,,,,,,,,,,,,,,,,,,3.8,3.0,4.4,3.7,4.3,4.7,7.9,5.3,9.7,8.5,6.2,1.0,7.2,6.4,3.2,3.2,3.2,2.8,2.2,1.0,2.0,1.7
Sao Tome and Principe,STP,GDP growth (annual %),NY.GDP.MKTP.KD.ZG,,,,,,,,,,,,,,,,,,,,,,,,,,,,,,,,,,,,,,,,,,,2.4,6.6,3.8,7.1,9.1,3.3,8.2,2.4,6.7,4.4,3.1,4.8,6.5,3.9,4.2,3.8,2.9,1.3
Suriname,SUR,GDP growth (annual %),NY.GDP.MKTP.KD.ZG,,4.8,3.9,5.6,6.5,12.0,19.2,12.1,7.6,4.5,2.7,3.9,-0.6,-1.8,0.4,2.8,8.8,10.2,6.6,-0.6,-8.8,7.1,-4.2,-3.9,-1.9,2.0,0.8,-6.2,7.8,4.2,-4.5,2.7,0.4,-6.7,3.4,0.0,1.0,5.7,2.3,-1.4,2.1,4.2,2.8,6.3,8.5,4.5,5.8,5.1,4.1,3.0,5.2,5.8,2.7,2.9,0.3,-3.4,-5.6,1.8,2.6,0.3
Slovak Republic,SVK,GDP growth (annual %),NY.GDP.MKTP.KD.ZG,,,,,,,,,,,,,,,,,,,,,,,,,,,,,,,,,,1.9,6.2,5.8,6.6,5.9,4.1,-0.1,1.2,3.3,4.5,5.5,5.3,6.6,8.5,10.8,5.6,-5.5,5.9,2.8,1.9,0.7,2.6,4.8,2.1,3.0,3.8,2.3
Slovenia,SVN,GDP growth (annual %),NY.GDP.MKTP.KD.ZG,,,,,,,,,,,,,,,,,,,,,,,,,,,,,,,,-8.9,-5.5,2.8,5.3,4.1,3.2,5.0,3.3,5.3,3.7,3.2,3.5,3.0,4.4,3.8,5.7,7.0,3.5,-7.5,1.3,0.9,-2.6,-1.0,2.8,2.2,3.2,4.8,4.4,3.2
Sweden,SWE,GDP growth (annual %),NY.GDP.MKTP.KD.ZG,,5.7,4.3,5.3,6.8,3.8,2.1,3.4,3.6,5.0,7.3,0.9,2.3,4.0,3.2,2.6,1.1,-1.6,1.8,3.8,1.7,0.5,1.2,1.9,4.2,2.2,2.7,3.4,2.6,2.7,0.8,-1.1,-1.2,-2.1,3.9,3.9,1.6,3.1,4.3,4.2,4.8,1.4,2.2,2.3,4.3,2.9,4.7,3.4,-0.5,-4.3,6.0,3.2,-0.6,1.2,2.7,4.5,2.1,2.6,2.0,1.3
Eswatini,SWZ,GDP growth (annual %),NY.GDP.MKTP.KD.ZG,,,,,,,,,,,,13.7,5.4,9.0,5.7,13.9,-2.1,1.0,1.3,3.1,12.4,14.6,1.2,1.2,6.2,3.8,12.3,14.6,6.6,12.9,21.0,1.8,3.2,3.1,2.4,4.8,3.8,3.1,2.6,3.0,1.8,1.1,4.4,3.9,3.6,6.0,6.0,4.4,0.8,1.6,3.8,2.2,5.4,3.9,0.9,2.2,1.1,2.0,2.4,2.2
Sint Maarten (Dutch part),SXM,GDP growth (annual %),NY.GDP.MKTP.KD.ZG,,,,,,,,,,,,,,,,,,,,,,,,,,,,,,,,,,,,,,,,,,,,,,,,,,,3.2,4.6,1.4,1.3,1.6,0.4,0.5,-5.8,-6.6,
Seychelles,SYC,GDP growth (annual %),NY.GDP.MKTP.KD.ZG,,-4.9,8.4,10.1,5.9,-1.1,13.9,0.5,7.6,0.0,8.9,15.9,6.3,9.1,1.3,3.2,16.3,-6.2,21.2,15.8,-4.2,-8.2,-1.1,-1.7,4.5,11.1,-0.2,4.4,5.4,11.2,7.0,2.8,7.2,6.2,-0.8,-0.8,4.9,12.0,8.4,1.9,1.5,-2.3,1.2,-5.9,-2.9,9.0,9.4,10.4,-2.1,-1.1,6.0,7.9,1.3,6.0,4.5,4.9,4.6,4.4,3.8,5.3
Syrian Arab Republic,SYR,GDP growth (annual %),NY.GDP.MKTP.KD.ZG,,10.8,24.5,-8.7,9.3,2.3,-7.7,8.3,3.7,18.8,-3.8,9.9,25.0,-8.5,24.1,19.5,11.0,-1.3,8.7,3.6,12.0,9.5,2.1,1.4,-4.1,6.1,-4.9,1.9,13.3,-9.0,7.6,7.9,13.5,5.2,7.7,5.8,4.4,1.8,6.3,-3.6,2.7,5.2,5.9,0.6,6.9,6.2,5.0,5.7,,,,,,,,,,,,
Turks and Caicos Islands,TCA,GDP growth (annual %),NY.GDP.MKTP.KD.ZG,,,,,,,,,,,,,,,,,,,,,,,,,,,,,,,,,,,,,,,,,,,,,,,,,,,,,-1.0,1.1,8.7,11.3,7.3,-2.5,5.6,5.3
Chad,TCD,GDP growth (annual %),NY.GDP.MKTP.KD.ZG,,1.4,5.4,-1.6,-2.5,0.6,-1.8,0.8,-0.5,6.9,1.9,-2.2,1.1,-8.4,5.0,9.0,3.0,2.2,-0.5,-21.4,-6.0,1.0,5.3,15.7,2.0,21.8,-4.1,-2.4,15.5,4.9,-4.2,8.5,8.0,-15.7,10.1,1.2,2.2,5.7,7.0,-0.7,-0.9,11.7,8.5,14.7,33.6,17.3,0.6,3.3,3.1,4.2,13.6,0.1,8.9,5.7,6.9,2.8,-6.3,-3.0,2.4,3.2
East Asia & Pacific (IDA & IBRD countries),TEA,GDP growth (annual %),NY.GDP.MKTP.KD.ZG,,-11.2,-0.1,5.8,9.8,9.9,7.6,-0.9,2.7,10.7,12.7,6.8,5.1,8.3,4.3,6.4,3.4,7.7,9.0,7.1,7.6,5.8,6.0,7.3,9.4,7.2,6.9,8.8,9.5,5.9,5.4,7.9,10.7,10.9,10.6,9.7,8.9,7.0,1.7,6.1,7.5,6.7,7.9,8.7,8.9,9.7,10.8,12.1,8.4,7.7,9.8,8.5,7.5,7.2,6.9,6.6,6.5,6.6,6.5,5.8
Europe & Central Asia (IDA & IBRD countries),TEC,GDP growth (annual %),NY.GDP.MKTP.KD.ZG,,,,,,,,,,,,,,,,,,,,,,,,,,,,,,,-1.4,-5.4,-9.3,-4.6,-8.8,-0.3,1.0,3.0,-0.7,2.4,7.4,2.5,5.0,6.2,7.9,6.7,7.8,7.6,4.3,-4.9,4.8,5.8,3.4,3.6,2.3,1.4,1.9,4.2,3.4,2.2
Togo,TGO,GDP growth (annual %),NY.GDP.MKTP.KD.ZG,,12.2,3.8,5.0,14.3,15.5,9.4,5.5,5.0,10.8,2.5,0.0,7.6,3.8,4.8,2.4,-2.1,7.0,11.0,-5.2,14.6,-3.3,-3.6,-5.4,5.6,5.6,1.6,0.5,6.6,4.1,-0.2,-0.7,-4.0,-15.1,15.0,7.8,8.8,14.4,-2.3,2.5,-0.8,0.8,3.8,6.7,-1.0,-4.7,2.7,-1.2,4.1,5.5,6.1,6.4,6.5,6.1,5.9,5.7,5.6,4.4,4.9,5.3
Thailand,THA,GDP growth (annual %),NY.GDP.MKTP.KD.ZG,,5.4,7.6,8.0,6.8,8.2,11.1,8.6,8.1,6.6,11.4,4.9,4.3,10.2,4.5,5.0,9.3,9.8,10.3,5.4,5.2,5.9,5.4,5.6,5.8,4.6,5.5,9.5,13.3,12.2,11.2,8.6,8.1,8.3,8.0,8.1,5.7,-2.8,-7.6,4.6,4.5,3.4,6.1,7.2,6.3,4.2,5.0,5.4,1.7,-0.7,7.5,0.8,7.2,2.7,1.0,3.1,3.4,4.1,4.2,2.4
Tajikistan,TJK,GDP growth (annual %),NY.GDP.MKTP.KD.ZG,,,,,,,,,,,,,,,,,,,,,,,,,,,3.5,-1.2,13.9,-6.5,-0.6,-7.1,-29.0,-16.4,-21.3,-12.4,-16.7,1.7,5.3,3.7,8.3,9.6,10.8,10.9,10.4,6.6,7.0,7.8,7.9,3.9,6.5,7.4,7.5,7.4,6.7,6.0,6.9,7.6,7.3,7.0
Turkmenistan,TKM,GDP growth (annual %),NY.GDP.MKTP.KD.ZG,,,,,,,,,,,,,,,,,,,,,,,,,,,,,11.0,-4.3,35.4,-4.6,-15.0,1.5,-17.3,-7.2,6.7,-11.4,7.1,16.5,5.5,4.3,0.3,3.3,5.0,13.0,11.0,11.1,14.7,6.1,9.2,14.7,11.1,10.2,10.3,6.5,6.2,6.5,6.2,
Latin America & the Caribbean (IDA & IBRD countries),TLA,GDP growth (annual %),NY.GDP.MKTP.KD.ZG,,6.5,4.7,2.4,7.4,5.1,4.0,4.3,8.0,6.2,6.6,6.6,7.2,8.7,6.6,3.8,6.2,4.8,3.8,6.6,6.3,0.1,-0.6,-2.7,3.7,3.7,4.6,3.4,0.9,1.3,0.5,3.8,2.7,3.9,4.6,1.4,3.5,5.2,2.2,-0.1,3.8,0.7,0.3,1.6,6.3,4.3,5.4,5.7,4.1,-1.9,6.0,4.5,2.8,2.9,1.0,0.0,-0.4,1.9,1.7,0.8
Timor-Leste,TLS,GDP growth (annual %),NY.GDP.MKTP.KD.ZG,,,,,,,,,,,,,,,,,,,,,,,,,,,,,,,,,,,,,,,,,,16.3,-6.7,-2.2,0.4,3.0,-4.1,10.2,11.3,10.0,9.5,5.8,6.0,2.1,4.4,2.9,3.4,-4.1,-1.1,18.7
Middle East & North Africa (IDA & IBRD countries),TMN,GDP growth (annual %),NY.GDP.MKTP.KD.ZG,,,,,,,7.4,9.6,12.0,12.8,9.5,9.2,13.8,7.0,6.7,0.5,15.4,-1.1,-6.4,-3.0,-11.9,-0.7,15.7,4.6,-1.8,3.1,-2.9,1.8,-0.7,2.7,12.9,-1.4,4.6,2.8,1.4,2.5,6.1,3.2,6.8,4.2,4.6,2.3,3.4,2.7,8.0,4.5,5.6,6.1,3.5,2.5,5.2,-1.0,2.8,1.7,2.1,0.7,7.8,2.9,-0.4,-0.4
Tonga,TON,GDP growth (annual %),NY.GDP.MKTP.KD.ZG,,,,,,,,,,,,,,,,,,,,,,,4.7,2.0,1.7,6.6,2.1,3.0,-1.9,0.4,-2.0,6.4,0.3,3.7,5.0,7.4,1.8,1.2,2.5,3.7,0.9,3.7,4.8,2.3,-2.4,0.1,-0.1,0.3,4.8,-5.2,0.8,6.8,0.8,0.3,2.0,1.2,6.6,3.3,0.3,0.7
South Asia (IDA & IBRD),TSA,GDP growth (annual %),NY.GDP.MKTP.KD.ZG,,4.1,3.3,5.4,7.7,-1.1,0.9,6.5,4.3,5.9,5.7,0.8,-1.5,3.7,2.2,7.4,2.4,6.5,6.0,-3.1,6.5,6.3,3.7,6.8,4.1,5.4,4.8,4.2,8.6,5.5,5.4,1.9,5.7,4.4,6.1,7.0,6.9,3.8,5.6,7.8,4.1,4.5,3.6,7.4,7.6,7.6,7.7,7.3,3.2,7.1,7.7,5.1,5.5,6.1,7.0,7.5,7.8,6.8,6.1,4.1
Sub-Saharan Africa (IDA & IBRD countries),TSS,GDP growth (annual %),NY.GDP.MKTP.KD.ZG,,1.4,5.8,6.3,5.4,5.0,1.6,-0.6,3.0,9.0,10.0,7.5,2.7,4.3,7.9,-0.1,5.2,2.4,-0.3,4.1,4.0,-0.4,-1.1,-2.5,2.6,1.8,1.6,2.7,4.5,2.5,2.4,0.4,-0.3,-0.9,1.2,3.4,5.1,3.6,2.4,2.2,3.5,4.3,6.4,4.2,6.5,6.2,6.2,6.5,5.3,3.1,5.6,4.5,4.1,5.0,4.7,2.8,1.2,2.4,2.4,2.3
Trinidad and Tobago,TTO,GDP growth (annual %),NY.GDP.MKTP.KD.ZG,,14.0,2.7,5.6,7.6,0.7,4.1,2.0,5.2,2.7,3.5,1.0,5.8,1.7,3.8,1.5,6.4,9.1,10.0,3.6,10.4,4.6,3.8,-10.3,-5.8,-4.1,-3.3,-4.6,-3.9,-0.8,1.5,3.1,10.1,-0.7,3.6,3.8,7.1,7.5,8.1,8.0,6.9,4.2,7.9,14.4,8.0,6.2,13.2,4.8,3.4,-4.4,3.3,-0.3,1.3,2.2,-0.9,1.8,-6.3,-2.3,-0.2,0.0
Tunisia,TUN,GDP growth (annual %),NY.GDP.MKTP.KD.ZG,,,,,,,3.5,0.2,10.4,4.7,4.7,10.6,17.7,-0.7,8.1,7.2,7.9,3.4,6.4,6.6,7.4,5.5,-0.5,4.7,5.7,5.6,-1.4,6.7,0.1,1.7,7.9,3.9,7.8,2.2,3.2,2.4,7.1,5.4,4.8,6.1,4.7,3.8,1.3,4.7,6.2,3.5,5.2,6.7,4.2,3.0,3.5,-1.9,4.0,2.9,3.0,1.2,1.2,1.9,2.7,1.0
Turkey,TUR,GDP growth (annual %),NY.GDP.MKTP.KD.ZG,,1.2,5.6,9.1,5.5,2.8,11.2,4.7,6.8,4.1,3.2,5.6,7.4,3.3,5.6,7.2,10.5,3.4,1.5,-0.6,-2.4,4.9,3.6,5.0,6.7,4.2,7.0,9.5,2.3,0.3,9.3,0.7,5.0,7.7,-4.7,7.9,7.4,7.6,2.4,-3.3,6.9,-5.8,6.4,5.8,9.8,9.0,6.9,5.0,0.8,-4.8,8.4,11.2,4.8,8.5,4.9,6.1,3.3,7.5,3.0,0.9
Tuvalu,TUV,GDP growth (annual %),NY.GDP.MKTP.KD.ZG,,,,,,,,,,,,,,,,,,,,,,,,,,,,,,,,3.6,2.8,4.1,10.3,-5.0,-6.0,10.0,15.5,-1.6,-1.0,1.6,7.9,-3.3,-1.4,-3.8,2.1,6.4,8.0,-4.4,-2.7,7.5,-3.8,4.6,1.3,9.1,3.0,4.1,2.5,9.8
Tanzania,TZA,GDP growth (annual %),NY.GDP.MKTP.KD.ZG,,,,,,,,,,,,,,,,,,,,,,,,,,,,,,3.8,7.0,2.1,0.6,1.2,1.6,3.6,4.5,3.5,3.7,4.9,4.5,6.1,7.1,6.7,7.5,7.5,6.5,6.8,5.7,5.3,6.3,7.7,4.5,6.8,6.7,6.2,6.9,6.8,5.4,5.8
Uganda,UGA,GDP growth (annual %),NY.GDP.MKTP.KD.ZG,,,,,,,,,,,,,,,,,,,,,,,,5.7,-0.3,-3.3,0.4,4.0,8.3,6.4,6.5,5.6,3.4,8.3,6.4,11.5,9.1,5.1,4.9,8.1,3.1,5.2,8.7,6.5,6.8,6.3,10.8,8.4,8.7,6.8,5.6,9.4,3.8,3.6,5.1,5.2,4.8,3.8,6.2,6.8
Ukraine,UKR,GDP growth (annual %),NY.GDP.MKTP.KD.ZG,,,,,,,,,,,,,,,,,,,,,,,,,,,,,2.6,3.9,-6.3,-8.4,-9.7,-14.2,-22.9,-12.2,-10.0,-3.0,-1.9,-0.2,5.9,9.2,5.2,9.5,12.1,3.0,7.4,7.6,2.3,-14.8,3.8,5.5,0.2,0.0,-6.6,-9.8,2.2,2.5,3.4,3.2
Upper middle income,UMC,GDP growth (annual %),NY.GDP.MKTP.KD.ZG,,2.5,4.3,3.9,8.2,6.8,5.6,4.2,7.5,7.7,8.1,7.2,7.5,8.3,6.4,4.1,7.1,3.8,2.7,4.9,3.7,1.7,2.7,0.7,4.8,4.4,4.2,5.0,3.2,2.3,1.9,1.6,0.6,3.3,2.6,3.4,4.7,5.2,1.4,2.7,6.0,3.1,4.2,5.2,7.9,7.1,8.1,8.8,5.9,1.7,7.6,6.3,5.2,5.0,4.1,3.6,4.0,4.8,4.2,3.6
Uruguay,URY,GDP growth (annual %),NY.GDP.MKTP.KD.ZG,,2.5,-1.6,0.2,2.4,1.0,3.1,-3.7,1.9,5.9,2.3,-0.3,-1.3,0.3,2.9,6.1,3.9,1.5,5.4,6.2,5.8,1.6,-9.8,-10.3,-1.1,1.5,8.8,8.0,1.5,1.1,0.3,3.5,7.9,2.7,7.3,-1.4,5.6,8.5,4.5,-1.9,-1.9,-3.8,-7.7,0.8,5.0,7.5,4.1,6.5,7.2,4.2,7.8,5.2,3.5,4.6,3.2,0.4,1.7,2.6,1.6,0.2
United States,USA,GDP growth (annual %),NY.GDP.MKTP.KD.ZG,,2.3,6.1,4.4,5.8,6.4,6.5,2.5,4.8,3.1,-0.3,3.3,5.3,5.6,-0.5,-0.2,5.4,4.6,5.5,3.2,-0.3,2.5,-1.8,4.6,7.2,4.2,3.5,3.5,4.2,3.7,1.9,-0.1,3.5,2.8,4.0,2.7,3.8,4.4,4.5,4.8,4.1,1.0,1.7,2.9,3.8,3.5,2.9,1.9,-0.1,-2.5,2.6,1.6,2.2,1.8,2.5,2.9,1.6,2.4,2.9,2.2
Uzbekistan,UZB,GDP growth (annual %),NY.GDP.MKTP.KD.ZG,,,,,,,,,,,,,,,,,,,,,,,,,,,,,9.1,3.1,1.6,-0.5,-11.2,-2.3,-5.2,-0.9,1.7,5.2,4.3,4.3,3.8,4.2,4.0,4.2,7.4,7.0,7.5,9.5,9.0,8.1,7.6,7.8,7.4,7.6,7.2,7.4,6.1,4.5,5.4,5.6
St. Vincent and the Grenadines,VCT,GDP growth (annual %),NY.GDP.MKTP.KD.ZG,,4.5,3.7,-6.3,3.7,0.9,0.0,-9.5,6.5,2.9,10.7,3.0,25.8,-11.1,-8.8,-7.6,10.4,13.2,9.8,3.4,2.4,4.6,4.5,2.2,6.6,6.2,5.6,0.4,14.1,1.4,4.1,1.1,6.4,4.3,-1.2,7.8,1.3,3.5,4.1,2.7,1.6,1.7,6.3,7.7,4.2,2.5,7.7,3.3,1.6,-2.1,-3.4,-0.4,1.4,1.8,1.2,1.3,1.9,1.0,2.2,0.5
"Venezuela, RB",VEN,GDP growth (annual %),NY.GDP.MKTP.KD.ZG,,3.2,8.5,3.9,11.1,4.2,1.5,2.8,7.3,0.7,7.7,1.5,1.3,7.1,2.1,2.9,7.7,6.3,2.3,0.8,-4.4,-0.4,-2.1,-3.8,1.4,0.2,6.5,3.6,5.8,-8.6,6.5,9.7,6.1,0.3,-2.3,4.0,-0.2,6.4,0.3,-6.0,3.7,3.4,-8.9,-7.8,18.3,10.3,9.9,8.8,5.3,-3.2,-1.5,4.2,5.6,1.3,-3.9,,,,,
British Virgin Islands,VGB,GDP growth (annual %),NY.GDP.MKTP.KD.ZG,,,,,,,,,,,,,,,,,,,,,,,,,,,,,,,,,,,,,,,,,,,,,,,,,,,,,,,,,,,,
Virgin Islands (U.S.),VIR,GDP growth (annual %),NY.GDP.MKTP.KD.ZG,,,,,,,,,,,,,,,,,,,,,,,,,,,,,,,,,,,,,,,,,,,,-0.3,2.9,3.6,3.6,4.0,0.9,-6.6,0.9,-8.2,-15.0,-5.8,-0.9,0.2,0.9,-1.7,,
Vietnam,VNM,GDP growth (annual %),NY.GDP.MKTP.KD.ZG,,,,,,,,,,,,,,,,,,,,,,,,,,3.8,2.8,3.6,5.1,7.4,5.1,6.0,8.6,8.1,8.8,9.5,9.3,8.2,5.8,4.8,6.8,6.2,6.3,6.9,7.5,7.5,7.0,7.1,5.7,5.4,6.4,6.2,5.2,5.4,6.0,6.7,6.2,6.8,7.1,7.0
Vanuatu,VUT,GDP growth (annual %),NY.GDP.MKTP.KD.ZG,,,,,,,,,,,,,,,,,,,,,-11.4,4.4,2.0,3.0,9.6,1.0,-0.2,-2.9,-1.7,1.5,11.7,3.1,2.6,0.7,9.1,1.0,2.3,4.9,1.2,0.3,5.9,-3.4,-5.2,4.3,4.0,5.3,8.5,5.2,6.4,3.3,1.6,1.2,1.8,2.0,2.3,0.2,3.5,4.4,2.9,3.3
World,WLD,GDP growth (annual %),NY.GDP.MKTP.KD.ZG,,4.3,5.6,5.4,6.7,5.5,5.8,4.5,6.3,6.1,3.9,4.3,5.7,6.5,2.0,0.6,5.3,3.9,3.9,4.1,1.9,1.9,0.4,2.4,4.5,3.7,3.4,3.7,4.6,3.7,2.9,1.4,1.8,1.5,3.0,3.0,3.4,3.5,2.6,3.2,4.4,2.0,2.2,3.0,4.4,3.9,4.4,4.3,1.9,-1.7,4.3,3.1,2.5,2.7,2.9,2.9,2.6,3.3,3.0,2.4
Samoa,WSM,GDP growth (annual %),NY.GDP.MKTP.KD.ZG,,,,,,,,,,,,,,,,,,,,,,,,0.4,1.3,3.9,5.5,0.5,-1.4,3.7,-4.4,-2.3,-0.2,4.1,-2.5,6.7,7.2,0.6,2.2,2.2,6.9,6.9,4.3,4.5,4.6,4.2,2.0,6.3,1.0,-4.8,0.5,4.2,-4.1,-0.4,0.1,4.3,8.1,1.0,-2.1,3.6
Kosovo,XKX,GDP growth (annual %),NY.GDP.MKTP.KD.ZG,,,,,,,,,,,,,,,,,,,,,,,,,,,,,,,,,,,,,,,,,,27.0,-0.7,6.0,2.6,6.0,4.5,7.3,6.3,3.6,3.3,4.4,2.8,3.4,1.2,4.1,4.1,4.2,3.8,4.2
"Yemen, Rep.",YEM,GDP growth (annual %),NY.GDP.MKTP.KD.ZG,,,,,,,,,,,,,,,,,,,,,,,,,,,,,,,,6.3,8.2,4.0,6.7,5.7,4.6,5.2,6.0,3.8,6.2,3.8,3.9,3.7,4.0,5.6,3.2,3.3,3.6,3.9,7.7,-12.7,2.4,4.8,-0.2,-28.0,-9.4,-5.1,0.8,2.1
South Africa,ZAF,GDP growth (annual %),NY.GDP.MKTP.KD.ZG,,3.8,6.2,7.4,7.9,6.1,4.4,7.2,4.2,4.7,5.2,4.3,1.7,4.6,6.1,1.7,2.2,-0.1,3.0,3.8,6.6,5.4,-0.4,-1.8,5.1,-1.2,0.0,2.1,4.2,2.4,-0.3,-1.0,-2.1,1.2,3.2,3.1,4.3,2.6,0.5,2.4,4.2,2.7,3.7,2.9,4.6,5.3,5.6,5.4,3.2,-1.5,3.0,3.3,2.2,2.5,1.8,1.2,0.4,1.4,0.8,0.2
Zambia,ZMB,GDP growth (annual %),NY.GDP.MKTP.KD.ZG,,1.4,-2.5,3.3,12.2,16.6,-5.6,7.9,1.2,-0.4,4.8,-0.1,9.2,-1.0,6.4,-2.3,6.2,-4.6,0.6,-3.0,3.0,6.2,-2.8,-2.0,-0.3,1.6,0.7,2.7,6.3,-1.0,-0.5,0.0,-1.7,6.8,-8.6,2.9,6.2,3.8,-0.4,4.7,3.9,5.3,4.5,6.9,7.0,7.2,7.9,8.4,7.8,9.2,10.3,5.6,7.6,5.1,4.7,2.9,3.8,3.5,4.0,1.4
Zimbabwe,ZWE,GDP growth (annual %),NY.GDP.MKTP.KD.ZG,,6.3,1.4,6.2,-1.1,4.9,1.5,8.4,2.0,12.4,22.6,8.9,8.3,2.6,6.6,-1.9,0.5,-6.9,-2.7,3.3,14.4,12.5,2.6,1.6,-1.9,6.9,2.1,1.2,7.6,5.2,7.0,5.5,-9.0,1.1,9.2,0.2,10.4,2.7,2.9,-0.8,-3.1,1.4,-8.9,-17.0,-5.8,-5.7,-3.5,-3.7,-17.7,12.0,19.7,14.2,16.7,2.0,2.4,1.8,0.8,4.7,4.8,-8.1